-- MySQL dump 10.13  Distrib 8.0.43, for Win64 (x86_64)
--
-- Host: 127.0.0.1    Database: maxikiosco
-- ------------------------------------------------------
-- Server version	8.0.43

/*!40101 SET @OLD_CHARACTER_SET_CLIENT=@@CHARACTER_SET_CLIENT */;
/*!40101 SET @OLD_CHARACTER_SET_RESULTS=@@CHARACTER_SET_RESULTS */;
/*!40101 SET @OLD_COLLATION_CONNECTION=@@COLLATION_CONNECTION */;
/*!50503 SET NAMES utf8 */;
/*!40103 SET @OLD_TIME_ZONE=@@TIME_ZONE */;
/*!40103 SET TIME_ZONE='+00:00' */;
/*!40014 SET @OLD_UNIQUE_CHECKS=@@UNIQUE_CHECKS, UNIQUE_CHECKS=0 */;
/*!40014 SET @OLD_FOREIGN_KEY_CHECKS=@@FOREIGN_KEY_CHECKS, FOREIGN_KEY_CHECKS=0 */;
/*!40101 SET @OLD_SQL_MODE=@@SQL_MODE, SQL_MODE='NO_AUTO_VALUE_ON_ZERO' */;
/*!40111 SET @OLD_SQL_NOTES=@@SQL_NOTES, SQL_NOTES=0 */;

--
-- Table structure for table `categoria`
--

DROP TABLE IF EXISTS `categoria`;
/*!40101 SET @saved_cs_client     = @@character_set_client */;
/*!50503 SET character_set_client = utf8mb4 */;
CREATE TABLE `categoria` (
  `id` int NOT NULL AUTO_INCREMENT,
  `nombre_categoria` varchar(100) NOT NULL,
  `estado` tinyint NOT NULL DEFAULT '1',
  `porcentaje_aumento` decimal(5,2) DEFAULT '0.00',
  PRIMARY KEY (`id`),
  UNIQUE KEY `nombre_categoria` (`nombre_categoria`)
) ENGINE=InnoDB AUTO_INCREMENT=23 DEFAULT CHARSET=utf8mb4 COLLATE=utf8mb4_0900_ai_ci;
/*!40101 SET character_set_client = @saved_cs_client */;

--
-- Dumping data for table `categoria`
--

LOCK TABLES `categoria` WRITE;
/*!40000 ALTER TABLE `categoria` DISABLE KEYS */;
INSERT INTO `categoria` VALUES (2,'Bebidas',1,10.00),(3,'Panificados',0,30.00),(9,'Fiambreria',1,29.00),(10,'Galletitas',1,5.00),(18,'Lacteos',0,12.00),(21,'Otro',1,50.00),(22,'Articulo de limpieza',1,30.00);
/*!40000 ALTER TABLE `categoria` ENABLE KEYS */;
UNLOCK TABLES;

--
-- Table structure for table `cierres_caja`
--

DROP TABLE IF EXISTS `cierres_caja`;
/*!40101 SET @saved_cs_client     = @@character_set_client */;
/*!50503 SET character_set_client = utf8mb4 */;
CREATE TABLE `cierres_caja` (
  `id` int NOT NULL AUTO_INCREMENT,
  `fecha` date DEFAULT NULL,
  `empleado_id` int DEFAULT NULL,
  `total_ventas` decimal(10,2) DEFAULT NULL,
  `diferencia` decimal(10,2) DEFAULT NULL,
  PRIMARY KEY (`id`),
  KEY `empleado_id` (`empleado_id`),
  CONSTRAINT `cierres_caja_ibfk_1` FOREIGN KEY (`empleado_id`) REFERENCES `usuario` (`idusuario`)
) ENGINE=InnoDB DEFAULT CHARSET=utf8mb4 COLLATE=utf8mb4_0900_ai_ci;
/*!40101 SET character_set_client = @saved_cs_client */;

--
-- Dumping data for table `cierres_caja`
--

LOCK TABLES `cierres_caja` WRITE;
/*!40000 ALTER TABLE `cierres_caja` DISABLE KEYS */;
/*!40000 ALTER TABLE `cierres_caja` ENABLE KEYS */;
UNLOCK TABLES;

--
-- Table structure for table `cliente`
--

DROP TABLE IF EXISTS `cliente`;
/*!40101 SET @saved_cs_client     = @@character_set_client */;
/*!50503 SET character_set_client = utf8mb4 */;
CREATE TABLE `cliente` (
  `id` int NOT NULL AUTO_INCREMENT,
  `nombre` varchar(100) NOT NULL,
  `apellido` varchar(100) NOT NULL,
  `dni` varchar(20) NOT NULL,
  `cuit` varchar(15) DEFAULT NULL,
  `telefono` varchar(20) DEFAULT NULL,
  `domicilio` varchar(100) DEFAULT NULL,
  `email` varchar(100) DEFAULT NULL,
  `estado` tinyint DEFAULT '1',
  `razonsocial` varchar(100) DEFAULT NULL,
  `condicion_iva` enum('Responsable Inscripto','Monotributista','Consumidor Final','Exento') DEFAULT NULL,
  `tipo_cliente` enum('Minorista','Mayorista') DEFAULT NULL,
  PRIMARY KEY (`id`),
  UNIQUE KEY `dni` (`dni`),
  UNIQUE KEY `email_UNIQUE` (`email`)
) ENGINE=InnoDB AUTO_INCREMENT=12 DEFAULT CHARSET=utf8mb4 COLLATE=utf8mb4_0900_ai_ci;
/*!40101 SET character_set_client = @saved_cs_client */;

--
-- Dumping data for table `cliente`
--

LOCK TABLES `cliente` WRITE;
/*!40000 ALTER TABLE `cliente` DISABLE KEYS */;
INSERT INTO `cliente` VALUES (1,'Federico','Molina','38962453','','3644657148','mz 7 pc 12 Barrio Pro.Mu.Vi','fede.099molina@gmail.com',1,'','Consumidor Final','Mayorista'),(4,'gabi','Vera','2333333333','','33333333','mz 7 pc 23','fede@gmail.com',1,'','Consumidor Final','Mayorista'),(5,'Elias','Ramirez','42746919','','3644222298','Barrio anbtocñ','elias@gmail.com',1,'','Consumidor Final','Minorista'),(11,'Marcelo','Concelo','1245780536','20888999678','3644896278','Nañta','123abc@gmail.com',1,'Limpa S.R.L','Responsable Inscripto','Mayorista');
/*!40000 ALTER TABLE `cliente` ENABLE KEYS */;
UNLOCK TABLES;

--
-- Table structure for table `compra`
--

DROP TABLE IF EXISTS `compra`;
/*!40101 SET @saved_cs_client     = @@character_set_client */;
/*!50503 SET character_set_client = utf8mb4 */;
CREATE TABLE `compra` (
  `id_compra` int NOT NULL AUTO_INCREMENT,
  `fecharegistro` datetime NOT NULL,
  `montototal` decimal(10,2) DEFAULT NULL,
  `empleado_id` int DEFAULT NULL,
  `proveedor_id` int DEFAULT NULL,
  `tipodocumento` varchar(45) DEFAULT NULL,
  `numerodocumento` varchar(45) DEFAULT NULL,
  PRIMARY KEY (`id_compra`),
  KEY `empleado_id` (`empleado_id`),
  KEY `proveedor_id` (`proveedor_id`),
  CONSTRAINT `compra_ibfk_1` FOREIGN KEY (`empleado_id`) REFERENCES `usuario` (`idusuario`),
  CONSTRAINT `compra_ibfk_2` FOREIGN KEY (`proveedor_id`) REFERENCES `proveedor` (`id`)
) ENGINE=InnoDB AUTO_INCREMENT=6 DEFAULT CHARSET=utf8mb4 COLLATE=utf8mb4_0900_ai_ci;
/*!40101 SET character_set_client = @saved_cs_client */;

--
-- Dumping data for table `compra`
--

LOCK TABLES `compra` WRITE;
/*!40000 ALTER TABLE `compra` DISABLE KEYS */;
INSERT INTO `compra` VALUES (3,'2025-09-30 22:57:38',4500000.00,1,3,'Boleta','0001-00000001'),(4,'2025-09-30 23:25:14',30000.00,1,3,'Boleta','0001-00000002'),(5,'2025-10-07 14:30:48',38600.00,1,3,'Boleta','0001-00000003');
/*!40000 ALTER TABLE `compra` ENABLE KEYS */;
UNLOCK TABLES;

--
-- Table structure for table `detalle_compra`
--

DROP TABLE IF EXISTS `detalle_compra`;
/*!40101 SET @saved_cs_client     = @@character_set_client */;
/*!50503 SET character_set_client = utf8mb4 */;
CREATE TABLE `detalle_compra` (
  `id` int NOT NULL AUTO_INCREMENT,
  `compra_id` int DEFAULT NULL,
  `producto_id` int DEFAULT NULL,
  `cantidad` int NOT NULL,
  `montototal` decimal(10,2) NOT NULL,
  `preciocompra` decimal(10,2) NOT NULL,
  `precioventa` decimal(10,2) NOT NULL,
  `fecharegistro` datetime DEFAULT CURRENT_TIMESTAMP,
  PRIMARY KEY (`id`),
  KEY `compra_id` (`compra_id`),
  KEY `producto_id` (`producto_id`),
  CONSTRAINT `detalle_compra_ibfk_1` FOREIGN KEY (`compra_id`) REFERENCES `compra` (`id_compra`),
  CONSTRAINT `detalle_compra_ibfk_2` FOREIGN KEY (`producto_id`) REFERENCES `producto` (`id`)
) ENGINE=InnoDB AUTO_INCREMENT=6 DEFAULT CHARSET=utf8mb4 COLLATE=utf8mb4_0900_ai_ci;
/*!40101 SET character_set_client = @saved_cs_client */;

--
-- Dumping data for table `detalle_compra`
--

LOCK TABLES `detalle_compra` WRITE;
/*!40000 ALTER TABLE `detalle_compra` DISABLE KEYS */;
INSERT INTO `detalle_compra` VALUES (1,3,3,30,4500000.00,150000.00,0.00,'2025-09-30 22:57:38'),(2,4,8,20,30000.00,1500.00,2000.00,'2025-09-30 23:25:14'),(3,5,8,20,32000.00,1600.00,1400.00,'2025-10-07 14:30:48'),(4,5,4,6,6600.00,1100.00,1000.00,'2025-10-07 14:30:48');
/*!40000 ALTER TABLE `detalle_compra` ENABLE KEYS */;
UNLOCK TABLES;

--
-- Table structure for table `detalle_venta`
--

DROP TABLE IF EXISTS `detalle_venta`;
/*!40101 SET @saved_cs_client     = @@character_set_client */;
/*!50503 SET character_set_client = utf8mb4 */;
CREATE TABLE `detalle_venta` (
  `id` int NOT NULL AUTO_INCREMENT,
  `venta_id` int DEFAULT NULL,
  `producto_id` int DEFAULT NULL,
  `cantidad` int DEFAULT NULL,
  `precio_unitario` decimal(10,2) DEFAULT NULL,
  PRIMARY KEY (`id`),
  KEY `venta_id` (`venta_id`),
  KEY `producto_id` (`producto_id`),
  CONSTRAINT `detalle_venta_ibfk_1` FOREIGN KEY (`venta_id`) REFERENCES `venta` (`id`),
  CONSTRAINT `detalle_venta_ibfk_2` FOREIGN KEY (`producto_id`) REFERENCES `producto` (`id`)
) ENGINE=InnoDB AUTO_INCREMENT=2 DEFAULT CHARSET=utf8mb4 COLLATE=utf8mb4_0900_ai_ci;
/*!40101 SET character_set_client = @saved_cs_client */;

--
-- Dumping data for table `detalle_venta`
--

LOCK TABLES `detalle_venta` WRITE;
/*!40000 ALTER TABLE `detalle_venta` DISABLE KEYS */;
INSERT INTO `detalle_venta` VALUES (1,1,8,10,2000.00);
/*!40000 ALTER TABLE `detalle_venta` ENABLE KEYS */;
UNLOCK TABLES;

--
-- Table structure for table `factura`
--

DROP TABLE IF EXISTS `factura`;
/*!40101 SET @saved_cs_client     = @@character_set_client */;
/*!50503 SET character_set_client = utf8mb4 */;
CREATE TABLE `factura` (
  `id` int NOT NULL AUTO_INCREMENT,
  `venta_id` int DEFAULT NULL,
  `fecha` datetime NOT NULL,
  `tipo_factura` enum('A','B','C') NOT NULL DEFAULT 'B',
  PRIMARY KEY (`id`),
  KEY `venta_id` (`venta_id`),
  CONSTRAINT `factura_ibfk_1` FOREIGN KEY (`venta_id`) REFERENCES `venta` (`id`)
) ENGINE=InnoDB DEFAULT CHARSET=utf8mb4 COLLATE=utf8mb4_0900_ai_ci;
/*!40101 SET character_set_client = @saved_cs_client */;

--
-- Dumping data for table `factura`
--

LOCK TABLES `factura` WRITE;
/*!40000 ALTER TABLE `factura` DISABLE KEYS */;
/*!40000 ALTER TABLE `factura` ENABLE KEYS */;
UNLOCK TABLES;

--
-- Table structure for table `negocio`
--

DROP TABLE IF EXISTS `negocio`;
/*!40101 SET @saved_cs_client     = @@character_set_client */;
/*!50503 SET character_set_client = utf8mb4 */;
CREATE TABLE `negocio` (
  `idnegocio` int NOT NULL AUTO_INCREMENT,
  `nombre` varchar(60) NOT NULL,
  `ruc` varchar(60) NOT NULL,
  `direccion` varchar(80) NOT NULL,
  `logo` mediumblob,
  PRIMARY KEY (`idnegocio`)
) ENGINE=InnoDB AUTO_INCREMENT=2 DEFAULT CHARSET=utf8mb4 COLLATE=utf8mb4_0900_ai_ci;
/*!40101 SET character_set_client = @saved_cs_client */;

--
-- Dumping data for table `negocio`
--

LOCK TABLES `negocio` WRITE;
/*!40000 ALTER TABLE `negocio` DISABLE KEYS */;
INSERT INTO `negocio` VALUES (1,'MaxiKiosco Molina','101010','av. codigo 123',_binary 'PNG\r\n\Z\n\0\0\0\rIHDR\0\0\0\0W\0\0\0\MO\0\0\0sRGB\0\\\0\0\0gAMA\0\0a\0\0\0	pHYs\0\0\\0\0\\od\0\0IDATx^\|Tg7\Gc \j&5j\\\.C\*%\\F6\[\ۏ?J\j\~[)\J1)b\\]?ֲqԎ+82XD\L\kr\}&I2\Qw\M9\\sΙ\x-Z4*\r\r\\`ttTJv\0^/\\\q\\\n\0\\GYYΟ?/=֢\ZXk\c-zE\ͧZΜ9\eUYmެ?\'j\dVVVbxxX6g!NkW\0\x\J0>^>+k\c-zE\=֢\ZX\|%H\dz*++ݙ\0,YSN\\YZXk\c-zE\=֢7jv/2yO\'֢\ZXk\+ZxO&\.2\\$\"\"\"\\"\nL\"\"\"\"*8.2\\$\"\"\"\\\j\\\p!Ξ=+3~?\\v\w\;\{^s|>_\=֢\ZJ9\tZveY`q5ϗ\<\kq+Zek\k\\Zr\\Z\\288\\\'\XkQݻwˮ)SbZ\b-?8v\\!}\Z\\t\6c\\"\\ZXR\޽;v\\?.SfM[[\0p\ZX^)բ[dL\"\"\"\"*8.2\\$\"\"\"\\"fQ\d\\\"\Z&DI$\)\\\32\=!JDDE&͞\H!&\3B辥CO\vp=j;\0Ef\0\0H%`zcL%\"ITVVj]d\:uJ6\\n֢\ZJ={\{\)oH\#8\\0V1$\@eZk \@b=qt\rZ?;؉vm\F4֞\0\}\\\\\'\\T1\0 ч\fUǖ\\2r8i\`׮{}Kݵ]s7\W6~\w\}\n>*֢\Z\S-\\\\oB\t\\\\0\IRvj3`\.c2L&\\j\m|[\n\"5\0j*]l\&b\:ĺ\Y\\<`mЉV\ruUQ\@ t\07\\\0\>C\1\z7VO1\X`:FZB=qn[0r;Њ\nΪ#\\.\t\"úv\R466\z\:_\>b-\`-`-0բ\MR\\\.]\C)NdlZZQ\\"3\K\kgB\q^W=^\}K\rPۚWR]@\P}i<\\\0Ћ\\e\_&k\\$\\%\Z\\\\e\مƠne֬#8\<w)\-\k\\\\KW|\L\"%5\n\~uo\\0ڗC+*!R_cUAU0Np\V}H\=8ۀ-\~	MMfZQ\V-\B6\\'Bp1\\DDD4;\\:%\3@gcJԠ^-\n\Q$\\9pK\M\X_k{4ԏv\0\#:kB=q$GsΜN\\\57\|\E&\\n\\2\l`\:\A\qWyk*6ۗo\\\tu\0ڻ۪0\0\k\Z՞\^Dʟ\\\1FwW\\JΜ\'.k\&\"g\rka-J1\\gS1\\\Xk\+Z\r\"\"\"\"^\]x<W3\0s\$\\ׯ\4\Zǔ\$dlaGc\q}2G\0ͣ\1\8\>#\e\Q\rd̑\2LqL9NO\\vy\8b\\$dlk\8\'\\'sd\<jS\9]i5)\I\\.\4\Zǔ\$dlaGc\q}2G\0ͣ\1\8\>#\e\Q\rd\Wrn\^QQ\<+Xk\+\ZJv3v\fj3B\n\Tn3v\\ŋ\e˖\ĉ9T\ni{Pu\>׋2cXKNEk\=T\\\\xs\N\\\4k\c-z\\\ӮEwllw9Ѳ\ٯ\>#\e\Q\rd̑\2LqL9NO\\vy\8\'\\'sd\<jS\9]i5)\I\\.\4\ZǔCT\r~d̑\2r\\ǔ\$dlaGc\q}2G\0ͣ\1\8\>#\e\Q\rd̑\2LqL9NO\\vy\8\'\\'sd\<jS\\":\%\F6\\Zb\\:2hV,_UUU\\-Xk\+Zt[qic-E)\Z\(q<\2hVTWWchhL\RL̝֒Z\*F܌ݍ\RE\\=DDDDTp+\"\\ly\W\ܹsv>ȳq\ޜS\ȗ\ZZQ\|\8r\AT,V^\r׋׬\n\yL&P\|L&胵\c>\r\\9\\y\Upʹ%Kp\\)\<+Xk\+\Z;ڌP\B`-zEo>բ݌dZXkQޓIňd=֢WJL\"\"\"\"\\dQqITB\\'L&qdѰ\\#y8\"[\?k\Q$ּ\JDi\1tX4\\pR\"&\\B@\0@\0@\P\\\\\"\"*Y\\d\e\\$\FQ\#x\q1\8\\a/ފ[C\ף?Љ3x7Bζ\\\Q$3ꌨߞn\\2gI&\xh\\\"$aS\\k\\0Z-\[ښ}\;Eku3uh֜\ߌ\\f\vp?b*\`\,k=w\J`K @G5 \:lΈ@fALDDŋL9(s6rs\rP\jy\F16+DҾ]S?x\\\0\brA$?}\\?X0\T\0=l/T\\i9*D\.\Lf\\ P[ϳDDsVO\q\Yٜ\N1>̎ccc\ϗsO&\R\\\\]w\\\\'3E5s\\\]U8\\xsE]\\hE\BssFM\3r8\-\h\\\D+\h\9\"&\c\+\nxgQkkk\\W_={Ȯ|l%<\-_-}2kɹ\r\"}Ѽ\Z\\mlHn:\rho\F|W#F\D݇v\^@Z54\=?ꓭ8dl\'n]\\y܌ݍ\Rp~K-`_w@s\$۪0\rT\0\\ad]*\\\\bm}|\\`\)\\dͨ4h8ػ:ŐZn\\5v_u\Z?giGCі\?\kًXne~0>%SS\تN^6\'\"s\$bﳉ>tN\R;\m\\d\΂\|ZgY\vQ)\\"\nL\"\"\"\"*8Oeev%K\ԩSyV=֢W\ٳ\s{##{{ p\/\/LPdfSݹ\\X\0AF8jm\F\4g\\\]UQ!=֢7jvma\	\Efee%3s)++C:\!Ji7턽\\\\\\\\\ZX^)\\\{\\\"3Of]Ef&\\^jK>TJ\\\\z\\\!\"|7֢\ZL$	\\"ӛJqW3\0`ll\ծBN]}2G\`-`-(\Ztoh>k}w\]GH<yFy摔ɤg#\x+\\¹őxHNe\p\\\\ID\{k\<Ki-E*\\\G%;X/\Z\\\*բ\{2Jy1tVϮ\\@\0@N,\\\\:B]\A}m}y\\\G,X\Z\0hZ`\5+-\01\l\"\0\\\'\PZ5b\"\"*^\\d\Ak\V\c3@]I?A~b\\xĀ\?!t\[j4\}a\0\Ue=\'P\r#\n,\@\~2Q]k@m=\f\!\\d\AtĬ/\4P\?EMn\Q>\1\\Gq?\\>ʧ\I\\d\#ώ\0\\݄\}\3M\P\\A4YŜtw뱾v\R9\8\ZG\rFp\1\Zk\\'uDsYa\ng\"C/Cwdg7\\r\Ak2\*ؗ\#[QݎxOhj_\0\\0.@b\\\XG\\{J˾\\>\ɞ%\"\Yxk˖-É\'dsFyy9R\\\\(//ǅds\\EYY1%\'֢W\޽;v\\FEɹ\ğ\r\r;w\]@L=֢\Z\N>\\\(\f\ͳ\R\\6c/6\5>d\Jr9\\f\zk\c-z\f\<ia-zEok)3TJx&Ӎ\REw&\;66]ڜ{h\\\Wd̑\2LqL9NO\\vy\8\'\\'sd\<jS\9]i5)\I\\.\4\Zǔ\$dlaGc\!*v^NO\\v\pc\q}2G\0ͣ\1\8\>#\e\Q\rd̑\2LqL9NO\\vy\8\'\\'sd\<jS\9]i5)\I\~_!\"\"\"\\"\nL\"\"\"\"*8ϢE_\\Аl\X`FGG\Pt7shk~eee8\\\ZX^)\\\ߏ\W)Dbɒ%\.`ǎ(\G%ka-NZ˙3g\\_\\"\\ZXR|\+_E<\c2hV\\v\e\166\Ek\c-zTv\\\J\挲2\i\D\0\x\J0>^>+k\c-zX\<{ｗ[QQikk\\EGG\*\k\\ZXӥ֒H$܋\\\/YNͳ\R46cR3S\}TE\ͧZrk\f\T\\\\0\Xk\+Zt\\r\"\"\"\"*8.2\\$\"\"\"\\"\\\"\0DM&\rˌɈ )O[S7\Bw<d\V(\3Nhz\\'\"\$\"!\Ke[4u#lEMVc\۪p`ͻ\\\@ @`S3`zco\O\\pTn^\靟h\\"h.G<\0PO\\\g\Gd\d\OYg*6\cg;\Z@pcQV\\\\\fjp<\\ogeSV[Qw\ζ,\x3\(n\v\wCo;:\ڻP\bO\\\珨6%yLRV[l\\նb; \D5\o:\3x#h\\\rl܂8\ajЏ@ \ \Z[\"\Y\\\\@ Ђ*\ \\Y\v4T7C\\`\Y\\ԋGXa-\\"5H=hlDU=?\Z\'\Z9`\oוY \?\zD\0	aR̩\ꉣ\\3Љ\Bh\\\j\\\p!Ξ=+3~?\\v\w\;\{^s|>_\=֢\ZJ\w\uWf\PO]k\ɉ>8r\nF/\"&\chS5\\B\Ýfy:M[m];ڂ\5&hC\\0H\2\j1\^,\]u\Ա\\\\\T\@:\\ԍ6`KAS\E5@\z\e5\YI\|\%\߉V\f8~\rW_}5\\#}\Z\|\\f\6\\Zb%\f\\(\"*\\bh$\E\TÇPwa\"exU\qы\)\߉V.\E\\\\Xk\+Z;9\0/C\c\\\\\!$uX\\0![Dbغ\\κ?1\\/ΒJ8~2\dԋ\GPwK.Ukzj\ۗ)\'AUp\ML\\N 5\~\\\IDTz\$\\\r9\\MF/;m}\ZЎ^?)#\oFu\\Zw%Lvd\'7w\]\$@L\\CM$\~\3u\\ч-{pZU5F=j\>/\&9\\jt֠5D2يC-rk\y|γ|tZ]\A\\F8\f3sI;\\8w\TK\/E\\\\ZX^)\\\\DTdz\0Кc&\;&7\ \\.jY\!.2hv\\߻\Z\r(܀T\\"\ä \C\\dQy*++d.YNͳ\ReϞ=\{JL\\\\\q\}ɮ*\XkћO\\A\\"\\ò9\tZ{RVVT*ݴM>+k\c-zX\<{\w\\I{\\}2ƹOfQ\s˳6(o\FK߆F:dn!Hn\m+zI>ܛ\6x^ttt\.\Gō\=S-Dµ\R)\b||\\\\0sPE\iW̑\2X>X>J\z|l4\\v>K\\n{[y7\\[n\C1t?O\\Jk\Ak1k9\pzѼu\\r_hRz-\K\01x\9Tr~}\ZR\ծ\"_-:\'h.G̱	đ<܍\x\\p\jK&[[mqt7zxP\Y\\\\\fj6@\\\6\Y\\\H\\V\\4,\2{ZHƻ\}؞+\mm\0ޮ@\8\\Ӎ=v\\7\\0\᛺w\hTfD\jm\vlA ЉjP.\BA\A\n`\%ġ--j\o\ԍ\\nm\\-mE\'d-Pч@\0~\Ӵu\@#Ϛ\\YOXa-\"5H\Q\oϏFl\	\(Mupi\\6]p?b*vG\0P\ \C\\(\" \aˡ\b\@]c\ڼ~g(8?\l\\"hʜ\\\\'\Δ%pp?\1Ě\lςmq<*1[\:\OA^W\Z\^+\\+E`_\(j@;BX4\'eN޾`\:\\Sw}\\1\rB+*ġd\Z\a\i?%\^\~\P\\OJZX\\g\&>;`vmPfDsP\~0\y	%쳑*.8\ԍxScA\\\P5P?z\e&\m\\B\\9\DVC	7\=\\!$2g=\3\ŕ\3\\\M݈od-zqdU\e\Zr\E\#PgI\YW5ώ\0}\\\\zT\r8Ί\Q\q\\9B=\CWT 1\>W\\'\"M^\]x<W3\0s\$\\ׯ\4\Zǔ\$dlaGc\q}2G\0ͣ\1\8\>#\e\Q\rd̑\2LqL9NO\\vy\8.\I6@/;S\7WoS\ы\\'\ͨ\/\vd\'7w\\\]ry\\\Z\\\ƞ\:cW#AL\\*\m\Gl\\\rh9W]S\\r`]F֥j\0H,] \рvuz3\![i\<+ό\\_\'\\'sd\\s8\1\8\>#\e\Q\rd̑\2LqL9NO\\vy\8\'\\'sd\<jS\9]i5)\I\\.\4\Zǔ\$ds3\n\\YZX^)\R\\Oϲ\24d8\fLi?\HO7b\'\0;ޅ\֟\Na\Φn\[>`0S\}TE\ͧZ/^X\\\lN8!3\\ˑJNeWFyy9.\\ 3^/\\ʌ9`-9Re\\رcG	.2\c}\3j\sC)/2#\yR4{\Mѧ\;\:\O\?3\\\\xs\N\\\4k\c-z\\\ӮEwllw9Ѳ\ٯ\>#\e\Q\rd̑\2LqL9NO\\vy\8\'\\'sd\<jS\9]i5)\I\\.\4\Zǔ3/\䯾\ġp\\\>\&\0E^4WOec^4W_\\\z:\>#\e\\9)\I\\.\4\Zǔ\$dlaGc\q}2G\0ͣ\1\8\>#\e\Q\rd̑\2LqL9NO\\vy\8\'\\'Et\"\"\"\"KE&DDDDTp\\dQqIDDDD\\+\\\4U\\y\8w]\\l\\7\m2\}}b-7\|39\\aիW\\\?\5y\#\)\(\<\a-`-O;wW^urnƾd\:uJ6\\n֢\ZJ\݌沙ڌP\B`-zEo>բ݌}ѢE\EfUUdsƂ0::T*%\0{6\̵\\GYYΟ?/=֢Wf\4g\0v\\!}\Z\\t9sƵȴ\{DDDDTp\\dQqIDDDD\E&DDDDTp\\dQyjkkd.\\gϞ\~\t\Z\\\\\?66f\|9dRXk\+\Z\n\u\]\\'J[[j\ٳGv\dc-\a-njt\\\\m(\X7cb\\\\Xk\+Z;\.2\\$\"\"\"\\"\nL\"\"\"\"*8.2\<\-,YSN\\YZX^)ֲg\\s\=\J[[~?\\>\UPzk\c-z\\a\F`0]dVVVbxxX6g!NkJR\\ʐJv\\s\\attTvea-zEky\p\rIE\r^(\kqc-zE\TK\"p-2T\nw9\0\\\\\\*T\t\\\'sd֢֢RE&*^\>b-\Z\})\\jWޓIDDDD\E&DDDDTp\\dQqIDDDD\zЅ\\q91GL|*LqL9NO\\vy\8\'\\'sd\<jS\9]i5)\I\\.\4\Zǔ\$dlaGc\!*v^NO\\v\pc\q}2G\0ͣ\1\8\>#\e\Q\rd̑\2LqL9NO\\vy\8\'\\'sd\<jS\9]i5)\I\~%\f\ͳ\RS1\\>*֢\Z\S-\\\/^]d.[\'N\\\\HRHӲ+.\\\^eee\X^)ֲ{n\<e^7\\lc-zs\ܹS6E>2\\ZXkq;}{h\\"\\"\nCCC9cͽכ)&ׁ\\\ϟ]YXk\+\Zjkks\\\s\կ~%3`ԁltttN\r\-\\8r\0˵Hs\b|l8]j-gΜ\\"L`-\i>\RQQ\?\\\v`k\a-zE\\E\\ߩIDTnV/\\\3L\"\"\\dѼPQQ}\C\0ŋMQqID­ފ:\W\<ID4\$WQQM6᷿-Ο?3g\`\\JDD\\+\^ͦW^y%Ν;\jW\<wz\\9e|9EEE{\|\+\\ى\Ǐ\\.~\_\=y<\SQ\Zd3f\"ۜZZZ1j9w\\*8\܌}ɒ%8u\lE\^\+_J\-[\f<\S3^K.{Ʌ\=֢7j\n\\-,(kٶmx\	ۿ0˵HE\=֢7ݵp#\"\"\"\"\\dQqIDDDD\E&DDDDTp\\dQqIDDDD穭\p\B={V6g~\ik<c\ؘ1\\\ܓIa-zE\\??\O\#\0\\\ZXk\c-z\]\\\kLn\nc-Ea-]7cg-:(\\j\f\DDDD4#\$\"\"\"\\"\nL\"\"\"\"*8.2\\$\"\"\"TVVj0Zd	N:%gk\c-zEXlق\G8t\0˵HE\=֢7ݵ0A\\"\\ò9\tZWRVVT*ݴK>+k\c-zEXn݊\'x}}},\\"=֢\ZX\tגH$\\Lo*.\\\]m\\01W\nUd:v\\.胵胵胵L;Ǟ\Zd}}}}Lw-:\'\nL\"\"\"\"*8.2\\$\"\"\"\\"\n\\z\\js\0cDU\Q\rd̑\2LqL9NO\\vy\8\'\\'sd\<jS\9]i5)\I\\.\4\Zǔ\$dlaGc\q}2G\0ͣ\1\8\>#\=O\ئy\8\'\\'sd\<jS\9]i5)\I\\.\4\Zǔ\$dlaGc\q}2G\0ͣ\1\8\>#\e\Q\rd̑\2LqL9NO\\vy\8\'\\'sd\<jS\J\\\+**022\"gk\c-zEX\f\Y\ZXk\c-z\]˰n3ŋk˖-É\'dsFyy9R\\\\(//ǅds\\EYY1%\'֢\ZX%\\'YEb-zE\\\\ӮEw\ޘX\\\09NO\\vy\8\'\\'sd\<jS\9]i5)\I\\.\4\Zǔ\$dlaGc\q}2G\0ͣ\1\8\>#\e\Q\rd̑\2LqL9NO\\MqL9NO\\vy\8\'\\'sd\<jS\9]i5)\I\\.\4\Zǔ\$dlaGc\q}2G\0ͣ\1\8\>#\e\Q\rd̑\2LqL9NO\\vy\8\'\\'Et\"\"\"\"KE&DDDDTp\\dQqIDDDD\\+\^ͦW^y%Ν;\jW\<wz\\9e|9EEEŊ\رc\r-2X>X>X>X>s\\\ʫS\\ؗ,YSN\\YZXk\c-l\\"=֢\ZX\tע݌}ѢE\EfUUdsƂ0::T*%\0{6\̵\\GYYΟ?/=֢W\޽V\S\x0>}ϸ٬cccfi.ֲs\N\رC6\dc-\\Rk9s\ek;\޽;v\\?.SfM[[\0p\ZX^)բ[dZ׉\nL\"\"\"\"*8.2\\$\	GL&<=z\(\8\.\S%\'{x7B\֞U\C{:~DD3L\"*H}?j\1\]@5ˎՋ\\\0k\e\\\\ú̢/u+@b\0\]躉JDTM\X_$cHaա\F\'3\ \>{9l\:ό6u#ڒID3sDu\3\9\aQ[2\Z \r  \\Z\֡.$D\l\ZG]ęP;\'F$\"*\\Z\F.\ٳges\\G:ι\1~ll̘\r~]^a-zEk\q\]wF8\}\0ۺ\x\>Bw6Uy\d+*\V$7WX\\E3`\Z\Z\\F|W#F:Z0tKꎶzc/\"h]ڇ\X\B#\R\\ѵvN,:bV\rvNo8\\\Z\:\O֮͞9\aU<swk倣\(\3mmm꫱g\\U\#֒䞇\eppеɴ֢c-ſO\j4\\^:lWK:ޢ\p.Y\?$\R}jѪ[\DkP\r!s\\\Dc.\8k,\\"ڱ8<ޒDkT\\"!l\\\od/v\\\"\\'3k\c-zT\$\a_>Fm+ɤt\\^.\rw\\\\+sɼuA \\׳}M\0M}H\0\0jЪ\9DrW6\\n\"9L\"dFCg @ @}	 r\Ľ/\ԠJ\Ϙ5ʄذ6\\2~\r/\dc\9\\b \ܢ\lEcbN\\ZC\~Pž\8@/B\rЊL򥰾<\\NDT\Z\$KA}-~L,\4\\Nj[\d+j}\\".G;nF\`\NT\80\v!\B­\՝ѕLڗ\efwN\P}\|\\\U\E\>$gsc\rh\\\l&\Z92pk\Z	$D\ubX\"9d\XkQ\\'\DޓId=֢WJL\"\"\"\"\\d\47E\YL\"y\SYY\\d\:uJ6\\n֢\ZJ={\{˩T\\\]UQ!=֢7jv].A\\"\\ò9\tZ{]^)++C*\n\	\\\\\\\\ZX^)\\\{\\\"J[[^/:::dP\#\\\ZXD\"\ZdzSt1>>\js\0\U\"\鴫O\\vEEX\\rMTr~}\ZR\ծ\"_-:\'\nL\"\"\"\"*8\ic-E)\Zx\	<\cB4+^W\\ٳx駹Ok\c-zTnL.2m(\X\7\r<\x\\d\nѬu\pq.2Xk\+Z\d-YX\ܩen?J\\ZX^)բ[dz^/t\x\\m\\0`\h#_\n\<jS\9]i5)\I\\.\4\Zǔ\$dlaGc\q}2G\0ͣ\1\8\>#\e\Q\r]ׯ\9]F9\rd̑\2LqL9NO\\vy\8\'\\'sd\<jS\9]i5)\I\\.\4\Zǔ\$dlaGc\q}_ɹ{EEFFFd`-zEk\f\Tfj3B\n\Tv3ŋk˖-É\'dsFyy9R\\\\PUsz(++3怵\\ZJ^.b\\\ǃ;w\.\GyXk\c-nOv-2ccc\\\7\\~E\\.\4\Zǔ\$dlaGc\q}2G\0ͣ\1\8\>#\e\Q\rd̑\2LqL9NO\\vy\8b\\$dlk\8\'\\'sd\<jS\9]i5)\I\\.\4\Zǔ\$dlaGc\q}2G\0ͣ\1\8\>#\e\Q\rd\Wщ.D49\(nd4N\"\\)\GpD6Q\\"L˗\6K\\jִ\f\"\"*B\\d\e\h\3{\Y(\$ɤ#/\ݖ	\0\"&\\\:\#8XV\f8d<h\\\1s\[g\'a{g\\َ\ \\ݮ!\\8\(Rg2s:k\ڬ~DD4\$*e@ >$jף	\B\\N:Fи+\nkDce?\0:h\U@\0-\\g-\5\-\C#\gC[;\\nt&\\f-\0\\\ |T\PsK7q@\\4\\ނ@\Vs:65l-x[kc\\:h&y~?t\x\\m΀yٮ\\\0|>OڼS\`-`-(\Z<B=q\l\\\Z\u6/#1\0\?kw4\Rt߾\\GXnmT\\0؏v\0\:U?\08x4`e\>\UAf}6qs\r\:{|o\0	(\Zn\^H\Fն\s\0Z\"5 \v>^\>b-\Z\}~\\jWoYYt\\\m΀=lW&ۏ;҅*X\0\S\Zrk\\\\E.2{7Vg\A	̱@y	m\d\3\ZQ\bnN\"TgUi\{\(\k\\\\+c-vj\?HR6g\0\訫]ڬ>\0\jZZQ\ڃl\zq$PSo/\\ɜ\Zԇ u+H\DC \Z[\Q\\1\\7Xe\ǀ\zku\\i\5^\#֒\\w\U\Ed\e\)ۺ}Mڗ\7WoSuyyRb@}\d\Zч-\\^4Ww\".\;\\}w\\rw5b\B\\Ov~^\t֠5Dr[F.u\JDDͳh\\"\c%044$3,X\\QR)\ؗP\\rQ\\s֢\ZJ>V\"4u#\钴\0v\\!}\Z\\t9s\Xɬ?\eaufo\L\\"JG\0]hpIDDDD\E&Qɚx\ɓ\/\8\	nsΧ9\deNDDLRմuA\\7K3\O	\nX\xԤ\d\9$\ʷ؉h\\\j]p\B={V6g~\ik^ccc\ϗL\nk\c-zX\\wߍ\\\p\~\6FD\\Z8\\Hv\"\j<vD\'\Z C\c$\5r8\-\[6`K\3y{ZoBKu3zBwU`\.T\C\\F\:\\e1trZt\\\p\WcϞ=(\G%k\=kq\W\\\\\\\\\\ZXR\\\(\\"S-Ҫp Љ\.T=@t\0:W؋\z$7\Z\ً\ˈ \\Il\r\D\d=3cO\ֈ>pԞ9`*\\ȍ\R[I?\\\0\J\OԳC获n\\t]j\0\3\Y\qu?g\\\ē|hN\\"hg|>;A4\*\lN^{5D\k\\7u?\D\\ND4pI4>;Ԯ\h}c\\\V/\C}X1;g8FPvm\\Q\\"h.\\\\rh92t\ZOvfoX\\ߑí\nG\'d\9\_/#\R9\0$\\\u4\h\\k޵v=SKDDELRՁ\\3\\{7Vgw\Z\r\e\Qךðk_#ºA[2\f.\\oF5/\Y\\d\ I\yt\\ᩬ\nad\:uJ6\\n֢\ZJ={\{\qoaD4\\\\q\}ɮ*\XkћO0A\\"\\ò9\tZWRVVT*ݴK>+k\c-zX\<{ｗL**mmmz\\\]@Xk\c-zZk\MR\\\\0066\jWLӮ>#\e}}b-74Q1\-\k\\\\KW|\L\"\"\"\"*8.2\\$\"\"\",ZH{\t?HEPw\\P|\[\¿˿\?L!˗/\\r7܀~\Z;v\\E>b-\Xkq\ZΜ9\\6\\Zb\\G4\Z\\O?-SfEuu5\\ǹ\Xk\+Z\ŋk˖-É\'dsFyy9R\\\\P\\\zQVVf\kɉ\b-w\Ǝ;6x<\ܹSvE>2\\ZXkq;}{k3\n\\YZX^)\\\ة\\f\zk\c-z\f\<ia-zEok\L*F<\\ZX^)բ;\.\\\]m΀Alw+O\\vy\8\'\\'sd\<jS\9]i5)\I\\.\4\Zǔ\$dlaGc\q}2G\0ͣ\1\\\_\'\\'sd\\s8\1\8\>#\e\Q\rd̑\2LqL9NO\\vy\8\'\\'sd\<jS\9]i5)\I\\.\4\Zǔ\$d\-\\$\"\"\"\\"dDM&\D4,sq\\\"\K\ԍ\\\\"&\\n\S\#w.\"\"ʇLю@\0@\0\C\B/2\Q$w\a`=_+&B*X\\oƖ\ӳX&\"iE&\\\N\[\'>qf\η\\u;>\>E\VF\k8\\h\ڂ})-\挪u\1z8\Y\\\V\\D=T\\-\\PO<炶E\<\<\k\ \\&\\\\js\\\v>\0\\\}*^k+\e}}b--E\\fN\ԇDm+cN\P0\88ΎWC\\#\fϳ\\\"\\t\r(zbx\Z;\@\0@\'F\v!\Z\s\0:kz7Vz\0D\r\ۺB\VTj\+\\Z\F\\\4{ɵp\r~}\Z\ծ\"_-:޲2\\\ڜ{\"ٮBM\wUla\֢X\\df\mj[\>\Њ\n ؈d\d\ZX\%pp?\1z\\\\\\\rW\\\\c8џO{=skm0O- C+*~e;wa\tD/\:g[\\Zo\0`jP9گBPыGV#M\ޣOF1XKvw_kq\W\E*r9\0FGG]\*\f.\\p\0W֢֢RE\Aֻz\\\N\W7CwnD5\\"Y\p\]U8\\\PB,iw^FȺ\Z\3TzrƋ}\ZγW|\L\\P޾?\ZM\p\u_d~\,_{\<нsb7![}&S꫷\R\4g-Cn\,m\ba(D]wδ?9DкİZHѥ\\"h.7\?+n\O\e_.?ٙ\~F7k1مd2\>=oǈ=5n\\1u	fs\\v\hX\}I?\`\\'L\"\l[sO\\	i\`]\6}\'z<з\Esu\>\\f\oFu\\0\\\Yh\\UUU\Z\Z\,\\(R\\t\3.\>E]\\uUa-zEk\.s\}\V~;&hmmm\0;vȮ|l8]j-gΜq?<\ODDE\f\\WL\"9L\"*^\vͨ6}DDDDTp\\dQyjkk_Yp!Ξ=+3~?\\4\ǵ?\׋1c\\\y\ZX^)\r\w㮻\g_b\\ֆ\Z{\]E>b-\XK\yX[Z]_\\m(\X\v9;~܍\R\.\'\"\"\"E&DDDDTp\\dQqIDDDD\E&Rђ%Kp\\)\<+Xk\+\Z\ك{[QQikk\\\}\\'\nP\B`-zEo>\2<<\\\\\\\J\挲2\i\^IJYYRv\N\{.|>ʮ,E\b-<\0\^.2\CvE>b-nE\jI$E7JA\\\6g\0\ؘ]*2NdlZZQ\\\D\ \\\G%;X/\Z\\\*բ\{2\\$*DI$5\r\\h\F\9\\̘\(\=Hƻ\'+\\;%\"*!\\dv4tĀDZ\?7zA\ԍFt\ZзuDo@*I\\l\\"h.G\'\]gC=q$w;>\>E\LaN\\\[]\&1_\̡u\j[ptb.\\p\xѸW\0B=끇\kW\\5k\\\\gЪ\r\G]#\]\3DDE&QGѵr>iq\,j뀭6!Qۊ\؂@1Ԡ>;-\B˗\X<b D\u6\a ԳϮvq[\\\nm\r \]h<\i\1\]QDºГ\#\0h_\nxx\=!k1b業K]kG\ \\\ڮW\"\"^x<6g\00\I_i5)\I\\.\4\Zǔ\$dlaGc\q}2G\0ͣ\1\8\>#\e\Q\rd̑\2LqL9dήmj[\g圹+*`#I$]h5\\0\gH`@C	7܎^u6ssMָ0\]I$\\p\Z\\T8z\:\n@z\\\`/jc\Vs1T`yS\r*Ga(Q\\K\1&BP.\`?\\?T\\o^NO\\v\pc\q}2G\0ͣ\1\8\>#\e\Q\rd̑\2LqL9NO\\vy\8\'\\'sd\<jS\9]i5)\I\~\[^^]x^W3\0\\elsFYYYޜr֒3X>J\\X=q\\}ϴhS9*\\<\"H\\5\0\O\Z95C]0\'\La/34\\z\:_\3>m\`-`-`-\\^ps9L]\\6gCe֢֢RE\Ov1z\{%սSY%u@~bQ\\e]^tBFy\d:\A+#6/;\\|r	\g֡.\Z\fξ\Q߯;k;)Y\0![.?9D\\ߑj~w\\w Z`\\1\N]Y\kW9c\G\EE\:ޱ1\b||\\\\D\vg\"dlaGc\q}2G\0ͣ\1\8\>#\e\Q\rd̑\2LqL9NO\\vy\8\'\\'sd\<jSN^\g%\\rh9\uҺzc\sY\c\B2Dp*\\0fT:\\\8=kڭow\0eZa\\^nF\I\\Z\:\Z\n\\ٸ+\*ؗ\5דI$7WoS\ыGFǂ9\\\Zv\/ĀzfXa3;FܿpZU\VTj\\\9\z:\>#\e\\9)\I\\.\4\Zǔ\$dlaGc\q}2G\0ͣ\1\8\>#\e\Q\rd̑\2LqL9NO\\vy\8\'\\'ϢE\\Аl\X`FGGs\n`u~?\\\pyٕ\Re\\رc+\A4\q,\FL&J[[\0`ǎ(\G%ka-NZ˙3g܏\ќҎΣu\7\\Q\\0DDEL\"\z7Vg.m\ufDDDDTp\\dQ⊰W\W^s\ι\U|> \Ɲ^{o?\&#_k\k\G)\r\7\ȑ#QXz5^/~\^*\=2B\3֢֢T˹s\p\UW\SYYv%Kp\\)\<+Xk\+\Z\ك{\.\\\ߏ\OvT\GZX\|exx\\rnadc-E)\Z#na\\ZX^)\\-hFpIDDDD\E&DDDDTp\\dQqIDDDD\E&VO\q\Yٜ\N1>̎ccc\ϗsO&\R\\\\]w\\}2\ꫯƞ={dWQXK6֒{\▯A\>܌\\ZXRp3v*F܌ݍ\Rь\\"\nL\"\"\"\"*8.2\\$\"\"\"\\"\n\SYY\\hɒ%8u\lE\b-{\=\\-\\\]UQ!=֢7jvma\	\Efee%esFYY\\v$TJi\'\=|>FGGeW֢\ZJx\0G]D\\/Ggg\'Rk#\b{7֢\ZL$	\"[XkQfkW]u\\Z\E/^\",^8뿯y\kp\׿?\zޜ\ꫯ\\?/3~?\\\r\S%\B̿Z\ox\\~\\\H\α\{ME:\W\<y\\\\G\f-zEj\m\\EеTWW\\\\ӧOg\\˗\\n\ڵkRK1^X\\\媫\C=m۶\?|>|>.\2\/@:\>\\[^^w\]\?A9E\dk)\k\\ZJ\\"_!FW_}5>\\ⵯ}-y9r<\0>oy\[p\7\}\{>ᮻ\={\\ׇ#G\\o݈.E2\g>|\W^t:?\O\\\o~_\s\=\Ǐ\gSO=_x\[ߊ\rX\"*\\dM\w\y\'j|\+_A__q<\3\\~\'ӳ\}\\ɓ\'\#\.F\\~\\'d\ƍ\}O=\\"E&\4\g?6l]9UVVg1iθ\{\7#\\Zlܸ{\]DT\"\$;w\D[[*++eVkk+\~\\\"*Z~\\d\m݆\8q\\\"\\\4\x\\m΀MF\\\wL|*LqL9NO\\vy\8\'\\'sd\<jS\9]i5)\I\\.\4\Zǔ\$dl\y\gp\\\\\\Z\ַ╯|%\~G%\\ׯB\#Zd0ͣ\1\8\>#\e\Q\rd̑\2LqL9NO\\vy\82\gg?Y|tT➫7nDww_Gٟ#\e\Q\rd̑\2LqL9NO\\vy\8\'\\'sd\<jS\9]i5)\I\\.\4\Zǔ\$ds3\n\\YZX^1\\\k_\Z\of\9}_ŗ%|ߗ]D\2X^\r\w\ܹs\{d\0`˖-曱c\\ݻWMUK\XkћOh7c_xvl\2\er\\rQ_u\\\̘֒k\+\Zjjj\wozӛ𶷽\r\ϟw\~/{\˲\MG-:֢\Z]~\طov\ލCe\e/Ã>\\V455a\ʕسge\9]J-J1^֢\Z\J-Ov-2cƾ2\\\]m\\0`\q}2G\0ͣ\1\8\>#\e\Q\rd̑\2LqL9NO\\vy\8\'\\'sd\<jS\9]\8/^n	\y\{\_?8>\g\Q,[---\\\4W~\Zǔ\$dlaGc\q}2G\0ͣ\1\8\>#\e\Q\rd̑\2Lqr\\g?YPQQշq\F\ٳ\-[\\8^\\\nf\XcX\\\ׯ\4\Zǔ\$dlaGc\q}2G\0ͣ\1\8\>#\e\Q\rd̑\2LqL9NO\\vy\8\'\\'Et\"*׾ذajkk\#`\޽\\'?Z*+\0/\\\j\'\CemkT]]7\Wi\\~~ؾ};֬Y\3D4wqI4\r/_\=\qi\ݻ\g\\عs\'\>\r˖-\<5\\\g\x<|\\0\o\+_\\GEkk+:::w===x\[\*ӈh\\"\\\\\Ѐ[o˖-C__\݋cǎe\}\\0\EY9D೟,nVlذy\k\ʔ,\\\\oǗ%\\2\\0.2\n\Z6lM7݄_\ػw/=^;w\\?\\\\'?AL!N<\\\'>)m\\~\}\{q\A|\Ν;\$c\$D\\\s\r֮]\r6\/x\݋`xxXfy\\p\\t\M<I%\\\6\A\i\&#஻\«_jFDE\[UVV\Z,++C:\y\\\#Ja|\\;^/|>\'֢\Zf??\\_zTTT\\\c=\\7~/%k)\\-\}\{q\F<\c\\\\>;k\=֢WJ$	\F97c_d	N:%gk\c-z3Q\ҥKzj^\ZO>$9\2mFj,֢\Zߟ\;\\݋\'Of\t\&֢\Za\f\-\.2044$3,X\\QR)\\+kigU\\GYYΟ?/=֢7x^\p\\rx\߈r|\ǣ>ss\\E)ߋ\ZX2,\\\v\\k_\Zx\$I6#(\{QXkѻ\ZΜ9\ZdLIz\+^\r6\[n\'}\r\h4\\ٳg/|\x\;\zo}x\_(ShpI\6l\ŋw\^<\C\OD4sN>\;\N\\s\5ַ\o>O\\\"J\\Ȉl\r\\\r\f\\\X`,X\g\{s\N9r\tg0D\~\s\=;\o{\\o}+VE\ӹL=\BDȤ?I6e\j1:<~\_cxx\?|\^qDT\\.\\ɓx\q\\\e\\|\\"E&\a!tǓH&#\Zyp7d\4u#~8\"[hֽ\\"\E&\q1t8!\?,:\DD%\b\E&nēQX\\"&\\~(\\ \ZwE\:\Z\h\#iw\oQ[3dA&\&\cѬ\\\joN[p!Ξ=+3~?\\t\{\<^7\ϗsO&\\Z~\7c\{\tf\\h@{S7\-\:`k5\q,\\\8c7\pԣ?Љ\.T=lN?z\\ra \GW\#\r\k\\0]v***Ed\\\%֢\Z\R-}\}Wǂ\%E{)X^)\288\\\'\X\\\%\x+W7:\g8\xK\\6mMꉣ\-e{\&4ugA#q%34;=֢\Z\R-ee\˱ű\u-\RLR\\0Tnw\\N q\q\K/\:\UA(i_~#k[\\iDTtfX\SD4\ՠU|4~t\\@\v9]\^ \ZwűoVv9~F\s\־\l\\R\}^\g[QqS{fRq\$\x\\ZJbRL֢\Z\R-eeeͳ~/E\]j-\\NDDDD3L\"\"\"\"*8.2\\oƭފ;\7\x#/^\\\\g9y^\\~\zs=~?.r\LD\\\{zժU=\\w\n\"rTVVj\\\\d	N:%gk\c-\^a\\x\[ߊ\g8r\~ӟʴU\=֢j\\p뭷\\k\޽{o|CNb֢7ݵ\\A\\"\\ò9\tZ{RVVT*ݴKϗm֢\Z&Z\n\q\W⩧B___\Mg\8=֢\Zd-\_=6n܈\\\\w\YE\ߋ\ZJD\"\^d\\\27kY|9n\\\roѣG__ӟ4+\\\\E\=֢7\\\0_\W\\2Zb(Ej\˩d\z+-[~> ;&S\~|\޽{\\܌\7\pL#WȤ9\Z6lM7݄_\ػw/fR4\ZEss3_\ttt\믗iD4g\\s\5\a\\/޽{q\\=&DDP\m\6|ǫ_jFTҸȤ9\\\{\^\Z>(\݋\'xB\\^466\\?1v\؁H$+V\4\E&\\J_6l\\C\СC\o~#S\޽{q\7\\җO~򓨬iD%\\z\\js\0cDU\Q\rd̑\2LqL9NO\\vy\8\'\\'sd\<jS\\\\Ǜ\&\z\xի^>|_\\s\\\0ͣ\2\\Zt_i5)\I\\.\4\Zǔ\$dlaGc\q}2G\0ͣ\1\8\>#\e\Q\rd̑\2LqL9NO\\vy\8\'\\'sd\<j\\9cccؽ{7\w෿-__\E/r1ݵ|s\\WaGc\q}2G\0ͣ\1\8\>#\e\Q\rd̑\2LqL9NO+97c\ȈlETky\_իW\\Ǒ#Gp\\\R!kTE\R%`Æ\rBػw/\݋s\\ɴ\nY˥b-za\f\/\.2-[\'N\\rR)\iٕS\\\̘֒S\p\\=~\\\G\\?\\Z\\ZXk\+\Z*++q\m\\o;\\\\J-\l^$֢W,>}ڵ\􎍍A\\\6g\00\8\>#\e\Q\rd̑\2LqL9NO\\vy\8\'\\'sd\<jSNMM\r\\wc͚5\o<\x\\\\c\D-NO\\vy\8\'\\'sd\<jS\9]i5)\I\\.\4\Zǔ\$dlaGc\q}2G\0ͣ\1\8\>#\e\Q\rd̑\2LqL9N\ĉؾ};\\/}):wݮag\\"k_i5)\I\\.\4\Zǔ\$dlaGc\q}2G\0ͣ\1\8\>ٯ\/͐`0o\}\{\0_\Wo|DBcǎ\;\G?Q\\\\\x׻\%ӈ\.2i֬^\Z6l@mm->zXL\+?\\\O~۶m\[\8p\0k׮iDELq˗/\{\lذ\d{\ſ\\ٳ2h\\͛7cǎ\\b͚52hqI3\\'\"\\?\\n\v\m\7Q.2iF\U\{\^>o\\"=\#\[o|mmmضm\_2hxv\\J\3\\ʐNs.<~?R\ǵS\\\attTvea-zsk\q\\r7\ԩSx\GH\H-J1^֢\ZX\|\\0\Z_===\\~\?\\Mw-DµQ\\ؗ,YSN\\YZ􊽖׾Xz5^\g6U\r\\ZXk\c-zw\ذaw\^<\2u\\\̧Zu/ZHȬ2>eeE*]Vv\Z~\+\L\ӟTvex<\l(Z~?|>Ry6w-4]-\=\\ڜ^)\k\\Z̵{qd-\\\zy\T\Zxܝ3g\px\_.\\"\\v\ex<9@o\>\ر;k)Zxܥb\\n|\\M?\O\\`\S\\dQqIDDDD\E\|\"L\"\\jđLF\j\-\waA4DRESi\"\a\qdѰ\$\\@\q\q8Gw\9<y\y \0hl\\#\Z\d^S\ȳYd+\@ `E\\:t\,\|д\0\đ8\m\\Г\d\HLA4م-\p`\\0\vEA˗&&?/\E\\"s\"6}H\ac\\kUt\'\V:\D\vg(\'>O48>%n܂>\a]\\\Ukl\9Bw\1G8j\7u#\Fa;\>DDE\*cً\p+\vbhi\WW\q\\Gwc\'M\\	8ԂꍎQh@;jPp]uRg7#X\\xO(\|DV\q\Yٜ\Ns\E\x\z166f\Q(\d-<VX!\\ہPwM݈o\zllGW\ִ\ڴ\օb\'h>uvH\2\fL\\"Ɨ3\\9D}ni\\geϷ[Pݷmvݙ\\0\ZErs\rb4U\\h\\\Ca߾}]E>b-\XK\\<\YǴX\Z\\\p2\\\q\clQ\nQ\\n\q.h\h\\\`;5\\Z\[zM\.4-\\@\qU7_\\q7[Z][qL[\\צ$[\p Љ\\\-\\\U\Zȍ\P\\XH\#\_o7 \y\+{9q\;ޒDkm\\\ra\>\E\\މsec-UK\w]Աk\\{\\n븵۱1r]ւ\:\v5N\Z(Z-\cCq\Zf.\v\"w垯-_-\\'s>ξ8F\0i\N@~R	\=\}:ioÎ\֟\3tp+\Z156\ra}Y\5-R_X}XkZ:\\֭%\^Qwh!\"E\\t/֭돎K\Oh\\\\\\_9nH&\ѯ\?\\z\[J\q~\\EfX\0\07Va}⠱8F}\0B=\\x\0w+\Y_\i\\\YGayư\'\帧M݈o@\V\\L4\\r\Dl\r\ّ/&5u#7[sYG\D@l8z\}+\ץ\ND4\pXUG;ў9\\0A:+ui:\\\í1/]\\p8#8ckhE:\3\\ȍ̒}\A:뀣ыv4tqu3w\\i\C#I$Ua$a/\\r\<i\\Z\].i_@\'Z\'nb\U\O{W*6\[\\D\R;W658~2h׶uuVS|\ݸe\g@Gi\\'DDs\\\R\\\\:Ӌ歎\\f\\j\zĀ\s\q!/n<]vN=`\~}hrI\'\6\\rec-UTx\͖ޓIDDDD3L\"\"\"\"*8Oeer%Kp\\)\<+f^bo\>|_\ѣGeפ\\(֢7_k\qS3<<\\\>::\n]\iW3\0L*\'J\U\i\0p˘\<əL-D\*\\\G]\d\Lkq\\\X\z\H˘\<\\U7JA\\\6g\0\ؘ])4Ndl1\\\b|\vEb\[\#\.ck\\=DDDDTp\\dQqL\\ǭފ\|\3\\\\D\n|\+}\XK\\򲗽\\.*,^\\xܵ\EO&6ߏ7/\//e7Ѭ\?q`gc-S˒%K__<\RQ@kk+>\k\W[iP1\\'Ҫ\]*F<\f\Wn\zЅ\\q91GL|*LqL9NOCT\kVve\{Dc\q}2G\0ͣ\1\8\>#\e\Q\rd̑\2LqL9NO\\vy\8\'٧\!*F5+_]\=\1\8\>#\e\Q\rd\Wrn\^QQ\<+f~bTMg}kћKň\ݩ\m\\Yxvl\28qB6g#Je6\QUsz(++3\`k\Ѿ}\\ѡlS\#SXKNw\f\\ӮEwllw91\I\\.\4\Zǔ\$t9D\Hf\kW\0G\8\'\\'sd\<jS\9]i5)\I\\.\4\Zǔ\$dlaGc\q}b$_+\e\#jS\9]i5)\I\~E\pYM݈\'H&O\\d\M2A	;D4,\#~Nז-\G2tG!LDTJx\%*z\\d@N˰\"P\2cOF/\:֟\+JDŏ\I\}kmmE硬O\r\=3\:L\"y\\AteS\잸f\a\|M݈\'O\=Q:>dED4[x\%۸ȼT\J\0\T9\G+:\OY=\Lg;\Zч@\0~8>=Awc57\Vֈ֧~\0h\G @\!q[7B\(VXuZзUP\'\"*<\\	^\]x<W3`m^|\0\0\\\S6\\2flz[k͹>\TZOAuuvo\V8z\:\K\GXu\\wo\\0*VT\0Ft%H&\j\\z\H\`-d\qG\o1d\E\[VV]|>W3`O$\U	\t\n\2Llh\\flZ\O\\\d\4iG`\r\\\\\П\\o\\Zupb\[\#\.\4Ok\ZK6wx\z\H\0\SVZt\ϟ.R\\00::\jW6\pႫO\\\(\0\e\d-N \g\I\E8x4\\uַ\yo6>\\\\ \\Z\:C\}v]o_R\ L\ͼ\\\b|\vEB\q\n-\\\G]\tעVA\Z\kh\\ԡwc5:k\j_8Ԓ\z\l3\\0b\K6ۑL&ѵ\\ڌ\pu\.\\\I1 \"N<\\mEi+YUU!ٜ`\"J\.?k\'xu\5\\nX\ZJ\fM݈\@:h\\Aþ}c\\\͊}\Zs-<\R1\q7[ZΜ9\~d֟4H\ju:.\Ѵ\qȅ\Rn\\(ߎ\0?MMw\\\$\"\"\"\\"\n]\X1\\%y\]\Ef\\7\"\0]\\%\]\穭\~|\8{l\H\\8<^/\\ƌ9>/\7\G+d7\"\\\[\"\\m-q\Y\d\"\'VX}-\tǻPp\0\r\\֓0C\"s\\\\vlɱ\\D^Cؚwpc?\\1thkkP\z\\sao\M\C=}appPv\dc-sx\\qX-_-os#[4r\\\\']XD\1\ZU[})f=6mMV\(+2\vd\\"YߏvQ[+j\YǞ\*t\2d\!ǡ4Ҫ\]w\\\-l6AtW6\;\iD4gKT*\4g\6u#GE\g\g\\\\\\.Q\\"s\\3t\l\{ƌ\\%\]\\E\$\\3tC\\ֈ`\2\0KDDsc\w\y\Н\xz6\RZKň\\lj\\>ChfK\⩬Ԟ\\\d	N:%g\L\R2\۷_\q\Q\5i3>ʇ\\\Zxܥb\\\\\dB\t\\\\0\IRv\t\Z\0\\\2&3\dr&SQ\-\l1y&\Z\1k!*V^\>\2&3\drrբ\MR\\\\0066\jWק\iW̑\2fb\[\#\.\c\BTr~}$\eLw-:\'\nL\"\"\"\"*8.2\O\\#\n\<n\\M4k/_ۿ\\?q\\fc-SKUU\KEe\X~=>\k\WnL.2m~\z+>\O\3\&5/\׽\\xҩ\e/{\KE\\/9^җⳟ,|h/\.2-[\'N\\rR\W\uT1x^s0õp6*F\CGG`W\#SXKNw\f\\\\Ef\\+**022\"g\L\Bl\n<\|X\|\]*F<\Nn3vɴ53~vc-zsw\fEw&\;66]ڜ\$dlaGc\q}b$_+\e\#jS\9]i5)\I\\.\4\Zǔ\$dlaGc\q}2G\0ͣ\1\8\>]Q1Yڕ\2L\5)\I\\.\4\Zǔ\$d\-\\$\"\"\"\\"sVEM\\\ E2EDLF8dI\{B4DRѰ3\D\\"\:?(.2gS\rTȶđ\\\#Z#\2-ߍ@\0@\0\C\l\\@\6q\\>[r\\"s\"s}\;D\\'C-L\"y\\4\o}r{[#\qp?l\8>\rz\O\1^\Ny;\P\\z\77աq\\'\akPO\\\\\\<Z\0\Oϓ<K0\\}\'\]y\\q\\\.<\6/\U|>\0\\sz5l1\\@\0-ټ\jbGDw\a`ɱ\PZנykHo:\\0F8#\X\#k\F\P\0\n@FyHa\J`\I\\ X\\0\\&0\gS[g}ն\"\Z\>:1v{\\\j\#\;\\eJ\o:\\'0JU\o1d֢Z\\\q\\\\[\#\.ck\񖕕A>\\\\\vjB#]e\<e%\\\'\\Zf8!q z\7:8CH@]	q]kAP?lw\@ZQ\vB]p\`\\sS\\\N8xkY\0@~L̿\"\ P\jmE\r\\\{/]>Ń\\\\nN\\\밮\?U\z\H\0\S\ZrF֒\]@\\qw\\z\H\0\SVZt\ϟ.R\\00::\jW6\pႫO\\\(\0\e\d-\z\\\m}j\b\'8\'\ɈٟUL\\\\0VC\&	L\	\g(+\\\G]k\\|%&<\ά\\\b|\v\]Υ]\\#zx\'\bώ8>}GP_Ozy\P撈f8Y+1q\p\l/b\	׶fڣ\o)^W\\\yV\ZS(Dc}N\R!JD\\ə\<\\Tq9I\k.\[x\h\\\/یcD܀\n\%/TjAC\[\'ƫG\6K\"y \%\0HT`<3؉0л\Z5.+=R_X}\AhrںOȺlSM\w.\r<\\\\Yh\\UUU\Z\Z\,\\(R\\G\3.s=nH]\\uU\ZJD\˭\rNbpK\L\'h\s&7O.>iڷov\ء}n1XK6\b\\K=\Mn\\.}\\\n|9s\\?Q	خy\b\l\ZÁK\\'rռeGNxK\d\J5\eDV-<\R1\q7[Zx&fDDDDTp\\Z\\\\ٳ9\\#Nc|\\\x<z3\|f\G+d4 \\M\h.\fbqGeȺI;u<?7M}\\Q\W\n#k\\|VEF\Rə[\'nm,%.\n\[zM\Z\.4\?4q{{衇o\>ʮ|l%w<\+w\epp\ud\f\ޠn\w\a`\hU\\ 3b =\4<U\Zꉣ\\c6u#\n.\w<\xoP6\RZ;xܽX<\f\W\ɼÎMoX\΋t#e=\\~\a{~k[\9A_[a;Ǳip\'n\\jv\"\\\xCo߀x5\0\o6u#\\[-rؚ+\Gp\c\\5\?h2=v<l^\\YG\\-\\+\t-\\\r4pY 5+-\0Z%Py;5@G\~jB\]u\\rkм	$зUj\0NĂh\r[zO\V\\.\`/֯\Z\\G;BXzRf8\?\\)\"xF/j묿Oڈ7\Z?Ţ\~X\'F\n\&?`UD\0DceA8j\\ hA\RKCۻzҗb\n7?\wyܥ\\E\\\'\\Zfs\O	ώ\0	\	OYhA4\~km\\.\\\¡@\M؎ACN\5OPo\5\\0jPq\3fOhZ\nw\0t{!\T\d+j0I#fj*\*`\\\e\޾$U\\!؈dɤuOM\r\\ ˌ<9\n\]\\\\\EQ/O\\rځ@`ҟز\\O\*\PO\~x\Oo\\0r\"u}6I؟\ULҎ\Zԇ#UzA	ގ7O\l\ODn<\{\L\\"s&\?\`I<\ϺǤ\ǧ\\k/b 1	6R?q\&\\vlo\2d7\\:_K6{g{N 5\M\wʬe=j2g\r\08>\Z\Lٿ!\L\ę/M/K\P\Sa{<\R~\\dNRKf^;\Z6k\\6#ַ\rǈ\%\`\Kd_8Ԃp/NWMS7\r\"h[E\yI&\d\0\nWg;\\\uM\p\'i\K&\\\{\\r\}:\\&\';\'>7C]\ODӂ\]ws\OsRђ%Kp\\)\<+f\JcFi\ЈNb\>fuQAwO͓= lw\\h[i\`o\>|_\ѣGeפ\\(֢7_k\q\ݩ\?xܝ\\aF\E:v9rR]E:\0W\\3\\R\\y\s~ڴ.E\\p`*ry\\$ErW#p\\j\\輘S!\A^\>\2&3\drX;\b-\]B\?r~}$\eLf\\\E\feS`I\\XKi\\\.#w嫅ь\\"\nL\"\"\"\"*8.2\\$\"\"\"z^\\\ڜ#&\F~y\8\'٧\!*F5+_]\=\1\8\>#\e\Q\rd̑\2LqL9NO\\vy\8\'\\'sd\<jS\\\#]\.\Q\rd̑\2LqL9NO+97c\Ȉl3YҠbTMg}kћKň\ݩ\m\\Yxvl\28qB6g#J7\U)\\zQVVf\\}C_[1L9`-9\\Zxܥb\㮛ӧOޱ1\b||\\\\0\\'\\'sd\<jS\\\#]\.\Q\rd̑\2LqL9NO\\vy\8\'\\'sd\<jS\9]i5)\I\r|\\׮lazqL9NO\\vy\8\'\\'Et\"\"\"\"KE&DDDDTp\\dQqIDDDD\Ѕ\\q9\\e\n\\0|>jN\.c&k!*V^\>\2X>\k-D\*\\\G]\tעs3%K\ԩSyV\d-ܯQ!6\Q>Eo\\\.#wFE̪*\r\r\\`ttTJvjXmڙk$ߏ2?^ve\Zxbo\>\رC)p1XK6\b\]*F<\f\W˙3g\\L^ \"\"\"\\"\nL\"\"\"\"*8.2\\$\"\"\"\\"\nL\"\"\"\"*8Ommv̅\\ٳ9\\#Nc|\\\x<z3\|{2)3Y\#<+V\nY\Ca߾}]E>b-\XK\wX-_-}2S1\\XKi\\\.#w嫅ь\\"\nL\"\"\"\"*8.2\\$\"\"\"\\"\n\SYY\\hɒ%8u\l3YҠbo\>|_\ѣGeפ\\(֢7_k\qS3<<\\\\\\\J\挲2\i\^IJYYRv\N\{.|>ʮ,3Y\OS\ܹSvͪUV\_dWQXK6\b\]*F<jI$E<<66W]u~߸\UbRO\1::)ZڥO\3YKMH\Z\es\\\0\w\9\x\sa-zSe\ҥ\\\Z$U\s\=!8q\"\k\G%;Xb?\.X\0\\wx\_88\\ũk\q7;\ry\\y\UٿK>ǒ\/Y(Eo*\\{\\wzǁYE\'֢7\_%>\\\E/zq\5\\Z-\l^٨\\oķm6+\2j\.҆\r8t\\9\Z\0\6m\D4O]v\e뮻p\}\n\g\hfuvv\\_2\كUV\n*\\d\Z\\{\\\\>)/ďcBsܫ^*\\q\x^~BD\\r7܀\|\;\q\W%\\<\\9x \\4n\&\۷w\\ʕ+e\Z\2.2sx\އo\Xv- \0\瞓i4ǽ\o\\k۶mÍ7ޘCDǛ\&\ݻ˖-˺W;\%Dǎ\ٳg̛o׼F\,\\"S\\>mۖ88T\Z.]\n\;w>\?Z\<\~\\\\0\LYt\\1\\~\\ٳgH$p\ePz^\\\ڜlw;&\F~y\8\'\\'s^/zzzя~;v\0~\\wΝ;gGc\q}2G\0ͣ\1\8\>#\e\Q\rd̑\2Lq<^W\=㳟,\\\\7s\\\\7W~y\8\'\\'sd\<jS\9]i5)\I\\.\4\Zǔ\$dlaGc\q}2G\0ͣ\1\8\>\\gyW\\\\\w]\gMqL9NO\\vy\8\'\\'sd\<jS\9\\j;ӧO\\G\\իWW\o\Y9Nk\y\8\'\\'sd\<jS\J\\\+**2\f\l\r\e\\[o\\\\F\p\\r\?x<>\\2\\\b-\\\r^җ\n@8id\֢\Z\{-ԧH$p\S\ַb͚5RK.󽖮.\-o>\o\\OORK.\f\/\.2-[\'N\\rR)\iٕꞋ\\EYY1T˛\&\Dww7Ο?\|\;;\b%\\2Wky__\Wx\+^\۷c˖-8v\جԒk\c-zEo*\\\\<\Z]_\ZL\{-w\}7\7\\rox\\\կ~===<\\2\\ӧO\1͆cccw9F\ٯ\>#\e\Q\rd\\\ŋQWW\{O<|I\\roqL9NO\\vy\8\'\\'sd\<jS\9]i5\9u\\\\\SO\駟Ɗ+\+_Ԣ\'\\'sd\<jS\9]i5)\I\\.\4\Zǔ\$dlaGc\q}2G\0ͣ\1\8\>#\e\Q\rd\\\~|\_\{?@g\Q\rd̑\2LqL9NO\\vy\8\'\\'sԟ?\o|#\\\p\\\y\\\'?\%\\\aGc\q}2G\0ͣ\1\8\>ٯ\/\sW\\g\L*\rǎõ\^+hy\[ނ\x\e\[\\\?\=\\d\n\^{-VZ#G\\g\T;W\Xp\\"y\\0\/\f#կ\\\\G>\"hp)^\Z\dG]T\;\x\\"y\\x~\\\\9\_\\7\//e\0.2^\a\\x\q\\\M%ndd$s6\ǃ\n\rw\]4ǜ?w\y\'\\\%/\4ȴ-\\uuuя~ĳ\\O?\E&\<x\\'d\AG\\ݻq\w\.A+\"\\ly\W\ܹsv>ȳq\ޜS\ȗ3\Mo\\_o~\\W1L6\\Rj)//Ǎ7ވ\'xgϞu˘\Zo\\}}̧Z^ᮻ\B8\\?\\w\t\2֢UK,Û\fTWW\\'\\F-]E)\r\\9\\y\Upʹ%Kp\\)\<+K\\[o\SO=\;\t\2E\RjYp!n݊\x\Ge]J-\ZX\|\#Rv\\)\\`-z\Z\*|\+_;\}ONbL\f\-\.2044$3,X\\Ѭ\Y!Ϙ\\GYYΟ?/Lw-\z׻\W\Z\ñc\dw\E{<\\\\?_gb\\T*\\{\سgn\&?~VkQ\B-ox\p\w\o\o_jVkJ3gθ\y\y\կ~u\\>\94;v̵);&ez>9G}_\\x\,׋L׋UVahh\cǎ\\/9\0DT\VZ\\j|\+_]Tb\~\i|\C]4\\"s\ո\q\\\4O;v\>,^\.\"*!\x}~?w\]\dMy\\\hQ\2ѣGe7\s\<\dBYY\\MvQO\\\>E\nvj\*,^{bZdDg1\\}\{\7O|\\\d\e/\\իq\\<\S\<\\n\$*A\}\{qq\?]4tuu\\/\\\.\\\"sժU\\\\v\0~_D%\/x\b>\\\[o\\իeVO\q\Yٜ\N1>̎ccc\ϗsO&TWW#\n\;\N\\"s6j1\\\oDUUv\\%Sfbl%<\XKss3.\\/|\Ŕ\Z\\n]\\r7܀\}{;w.\?\+ɜW{<lܸ\0g\\\p!3ӵ\dSTWW\\\\p\w`dd$+gk)\k\\Z\N-/zыk׮\{ J\\PQQ\٪Eg.\2\7c_j^W\ȑ#YL\"cǎ\ܹsdNT\"nv|\_v-0i\{p뭷\.*y\Xj9A\M\r\YޗIT\"^\\\rox\\$;\6m\\^:\Eh\,2\\\`~هL\p\ma\\]4\?~w\y\'\\\\~岛.XdٟV\\\?#rRL>h\z\[ނ`0\.\"\07M<\cԧ>%\̋E\UpiŤ);v\y\\\{\\\o\\'>\cٲe\[d]_d\\\aժUo~\Md4>>\K\Ds\;\N\w\\\.\";\\G׼Fv\ETVVj0Zd	N:%g\\\r\W`Æ\r8w\\ݫ\T]l-Ӂ\n\x\;m۶\&е\\\n֢\ZJǃA$\\rL֢w466	\v\%.B\Z][,X\\w|H\HӮ>gN*ʙ{ߥ\\QW3.nC!L\j-2Xk\oO=N<YE9E3j\\py\ݻw\k9\\R\\s\\F|\{\s\`-*~/*\'W-\ΝÕW]\'o*.\\\]m\\01W1/N]}2G˸Z***r\J<\c\O:8c/\`-\{O?4^r\\\(t-`-\~glZ1\kꪫ\\\\\\Ka-\ggx\;\\\W93UK1^L\\=W\\\9\"\駟\}Ds\\ߎpGhq\w\Uz\I*\E\k^\Z^\ZG\&2\Ų̵\^n\%\㙅&][d|>Z\n\/e̱c\?g3\|\򗿌\hJz{{\O\\I(E\\ի\׾Gٳge7\E\ϭ\UVbR|ӟ\k_Z\t\M(Ef \ի\\?\&$O?47e\'*r\,&QR)|ӟƧ>)>m^x<6gރL;h#_\n\<jǃ׿p\+_\\\"۝\\ׯ\4\Zǔ\$dlaGc\q}2G\0ͣ\1\89۟}Y\\Zhʟa\{	\rd\<jS\9]i5)\I\\.\4\Zǔ\$dlaGc\q}2G\0ͣ\1\8\>#\e\Q\x<]]v\\\\ׯb\vg0ͣ\1\8\>#\e\Q\rd̑\2LqL9N\\'?	v\܉;\#+G\<jS\9]i5)\I\~%\f\ͳb2\e/Æ\r\O\\\.\\2SX\t\\x\0\\we\t\r1Xkћ\۷_\裏ʮl-3\Mg-[n\\?;v\.\e\f\o\\Efyy9.\\ 3^/\\\1>q\Q*\x<x<c&Y\\ŋq\W\\\\\d-\{\\?;w\nc\ݲ9е\\\bjYl|>?>\({\\\\~\\\8\\\\'dsFyy9RL\\S|\C\ʕ+eWF1^r)d-K,UW]\'|Rv3\\K1^&o@1>\\%/yIAk)\\\\\׽ǎ\o[m\t֢\\m\w\L\\r6\L*}.Zz5\0h?uy^ۋL]?\_\\7\K_\?\\y\r;v\\.2~?\\\pyٕ\nCCC9cͽڽp\B\^\}c\&i2\z\\u\]x\\s\ɮyʹК\\\wbǱ\E\EJfInmmm@Zd\\rmɒ%?;v\\?\\ۗR\\T1-슩\Խ\뵫\,\\>Ϲ;5H\ԩS\ʈh\$\|\3dODDGI/2#H\f\"\"o\0\\*\Ef8d2yȉ~iZִ;ڨEM&\r\nēQ_AR\d\M\r\n;D\'$\/\81?3\\"\0Cg @ @\\Sk*\\rM1tV77u^z|AihG\j\14\"8؏)SӴ2|>\\\7\\2<\0n\n:%\\K\_\\ﵫ^s_/!r\\P\z\$pp1\0%s\g>\\{B@8\Z\0Yu+D2\=~v|\{\(\zw6v:3b\GG\\nBFD\6Ϫ?ΜDgZ\\?h\\g\\3wf6dv`\Byʅ\\J\dKcDHj\o\"c\\"duV\M\n5Aimmf-\Ia\\H[\>\G9s$m.=~\4\<\!\}揮\\z~5\ߖ\H7-\k\\\\V\4\"]\\hN,\{\tw\N\!\̖\lu\\7jo_\6q\V\O_\+r_{os/d4g\pf`זwlp\\֕];fq\./\\]ϝWlQi\f;Ѳ\\/\\\Hzxm-߳\]J/]*_޲\>h\7\ͬ-[\ݒּ-,صVk][蚭;g?\\Q\P]0[\-\i\\\\\Wϓ\\#\\z=3Ƹk2Y\ɧH\\9\'x5\=*㮫\q\z=-\\F\.Η?\}\.6mm\\_f\\\\rz\o[fk\\p\V{so\^2^\C\J\\\]\\E[\07\ͳfk凣Kkifr\\{lv\?ɱb~\\ܟ\W\\=[yM\wӺ{e6|\s\\/m\\X^\\\nt\Zm-߷g\0Vm%n\0\=\0\Z\\۴֕w\/_-\4\ϙezYťn\]Ͽ\\\{Ʉz9\	\[Y]n뢽\\G\\\[YMk\ff.\{K\ٓ\'w\?\WZĞ|v޾.\\kq@\l\\\\RQyz!b][-?\ڋ]o&ӹ^\r\I2o٥{(V\"\句K67|\n\\=[\\\\wln\\\m\\\W}jw\t\7wl|\'\=\0U\{2\VLM{\;:݋\\ʦ}\w9x/yݽ\\Ǚ+kcKOW\gnʷ\/}/麭](\\|\\nM\VJu\.\X5r|+\\\ܽf_\"V-;G^\HfoKU\\&@zwW\jpb\p\6/z\\\r\\\0,<ybOnn\%]>\wk\\8\nv~,\r\a\\]v9]\0\0\L\0\0\0T\\'\|`N/BKVլ(\n\O\0ꫯ\\/\r-YVz>\\ĉ\\3M5\Z\r\xJ\\\\N\3\{\?\0q\\~h\~-\P\9dN\|\d\(N\~,|\'Gq{k\d\(C&\0\0r2\0\0P9\0\0\0L\0\0\0TC&\0\0\0*\!\0\0\0\y4\Z\r)1QLMM\\O\\\\l6\\G\D1\Laf\l6G)ҵ;n\	_qT㮫\FKGRy&\ɜpEQ\\۷5mV\<?s\\z\-\Om}}]KV\\u\zZڧ\n[\\Pٴ`\>/i6\\݇H\\r\\\rZ\:\0\\\\\Ç\\gϞ=s2O:}\ZFVYѰZ(JY|egg\HP\\Y\y^\a_e}}\\_S\\\\\\afc\~ϸ9\knx\U^e1˸\k\Ç\2\\2\\\\s<*f\,>f1Y|\\c&iOZ\}GV\0\0\0\\!\0\0\0\	\0\0\q\\0\0@劢(̋Z6\\\\4\|^\6q\zhNԓӚh^#\\'䴦=׈I\D=9i\5}\:QONkڣyhNԓӚh^#\\'䴦=׈I\D=9i\5}\:QONkڣyhNԓӚh^#\\'䴦=׈I\D=9i\5}\:QONkڣyhNԓӚh^#\\'䴦=׈I\D=9i\5}\:QONkڣyhNԓӚh^#\\'䴦\n\\.-M\\c\\,>f1Y|\iN3\\ӧO\s\΅a~>88EQX\{Y\b\\,>f1Y|\iǏ2bwww$\|^O=׈I\D=9i\5}\:QONkڣyhNԓӚh^#\\'䴦=׈I\D=9i\5}\:QONkڣyhNԓӚh^#\\'䴦=׈I\D=9i\5}\:QONkڣyhNԓӚh^#\\'䴦=׈I\D=9i\5}\:QONkڣyhNԓӚh^#\\'䴦=׈I\D=9i\5}\:QONkZO\\0\0_C&\0\0\0*\!\0\0\0\	\0\0\q\\0\0@\jV\}QݶN\fi`\o\j5k4\Z\\mw\\zn^OK0Y|\\c\\,>fY\\\#\>̙3\\#M\\c\\,>f1Y|\i07\x\=d?\<x\\\i\z\\dV\C;ǝ5M\\\\\>\\c\\,>f1Y|\iO2N&\0\0\0*\!\0\0\0\	\0\0\q\\0\0@\8d\0\0r2\0\0P9\0\0\0\\\\s2O8aϞ=\PѰ`\>\\\'\Ea;;;aO^LY|\\c\\,>f1\8Ͳ1L\^bfIYr\\c\7I0v\0\0\0&8d\0\0r2\0\0P9\0\0\0L\0\0\0TC&\0\0\0*Wk\\#Μ9c=\K,>f1Y|\\c\wf\t:#0Z-\n\\hz\l\`0p4M\\C;|\R^^}\\,>f1Y|\\c\,\nw\YZ\\\1\'O\O?4O\#4`Ѱ^7Z#=_~\,~0\\,~0\\qf\\޶ߝ<i9	\0\0\q\\0\0@\8d\0\0r2\0\0P9\0\0\0\\QyQ\FryY\#qP=EOZ\'\\iM{4\։zrZ\\kDuִG\Z\>i\'5\ѼFOZ\'\\iM{4\։zrZ\\kDuִG\Z\>i\'5\ѼFOZ\'\\iM{4\։zrZ\\kDuִG\Z\>i\'5\ѼFOZ\'\\iM{4\։zrZ\\kDuִG\Z\>i\'5\ѼFOZ\'\\iM{4\։zrZ\z2a쳳闂Y|\\c\\,>f1\8\\\~iy\\9{𡦇\\\`0\\\\Ԕ=\\\CEQX\{Y\b\\,>f1Y|\iǏ2}f\\ݑ\\f䴦=׈I\D=9i\5}\:QONkڣyhNԓӚh^#\\'䴦=׈I\D=9i\5}\:QONkڣyhNԓӚh^#\\'䴦=׈I\D=9i\5}\:QONkڣyhNԓӚh^#\\'䴦=׈I\D=9i\5}\:QONkڣyhNԓӚh^#\\'䴦=׈I\D=9i\5}\:QONkZO\\0\0_C&\0\0\0*\!\0\0\0\	\0\0\q\\0\0@\jV\}QݶN\fi`\o\j5k4\Z\\mw\\zn^OK0Y|\\c\\,>fY\\\#\>̙3\\#M\\c\\,>f1Y|\i0FV&Ac\0\0\0\0IENDB`');
/*!40000 ALTER TABLE `negocio` ENABLE KEYS */;
UNLOCK TABLES;

--
-- Table structure for table `permiso`
--

DROP TABLE IF EXISTS `permiso`;
/*!40101 SET @saved_cs_client     = @@character_set_client */;
/*!50503 SET character_set_client = utf8mb4 */;
CREATE TABLE `permiso` (
  `idpermiso` int NOT NULL AUTO_INCREMENT,
  `idrol` int DEFAULT NULL,
  `nombremenu` varchar(45) NOT NULL,
  `fechacreacion` datetime NOT NULL DEFAULT CURRENT_TIMESTAMP,
  PRIMARY KEY (`idpermiso`),
  KEY `idrol_idx` (`idrol`),
  CONSTRAINT `idrol` FOREIGN KEY (`idrol`) REFERENCES `rol` (`idrol`)
) ENGINE=InnoDB AUTO_INCREMENT=19 DEFAULT CHARSET=utf8mb4 COLLATE=utf8mb4_0900_ai_ci;
/*!40101 SET character_set_client = @saved_cs_client */;

--
-- Dumping data for table `permiso`
--

LOCK TABLES `permiso` WRITE;
/*!40000 ALTER TABLE `permiso` DISABLE KEYS */;
INSERT INTO `permiso` VALUES (1,1,'menuusuario','2025-06-19 23:50:07'),(2,1,'menumantenedor','2025-06-19 23:50:07'),(3,1,'menuventas','2025-06-19 23:50:07'),(4,1,'menucompras','2025-06-19 23:50:07'),(5,1,'menuclientes','2025-06-19 23:50:07'),(6,1,'menuproveedores','2025-06-19 23:50:07'),(7,1,'menureportes','2025-06-19 23:50:07'),(8,1,'menuacercade','2025-06-19 23:50:07'),(9,1,'menuventas','2025-06-19 23:55:21'),(10,1,'menucompras','2025-06-19 23:55:21'),(11,1,'menuclientes','2025-06-19 23:55:21'),(12,1,'menuproveedores','2025-06-19 23:55:21'),(13,1,'menuacercade','2025-06-19 23:55:21'),(14,2,'menuventas','2025-06-20 00:44:37'),(15,2,'menucompras','2025-06-20 00:44:37'),(16,2,'menuclientes','2025-06-20 00:44:37'),(17,2,'menuproveedores','2025-06-20 00:44:37'),(18,2,'menuacercade','2025-06-20 00:44:37');
/*!40000 ALTER TABLE `permiso` ENABLE KEYS */;
UNLOCK TABLES;

--
-- Table structure for table `producto`
--

DROP TABLE IF EXISTS `producto`;
/*!40101 SET @saved_cs_client     = @@character_set_client */;
/*!50503 SET character_set_client = utf8mb4 */;
CREATE TABLE `producto` (
  `id` int NOT NULL AUTO_INCREMENT,
  `nombre` varchar(100) NOT NULL,
  `stock` int NOT NULL DEFAULT '0',
  `precioventa` decimal(10,2) NOT NULL,
  `categoria_id` int DEFAULT NULL,
  `preciocompra` decimal(10,2) NOT NULL,
  `descripcion` varchar(250) DEFAULT NULL,
  `fecharegistro` datetime NOT NULL DEFAULT CURRENT_TIMESTAMP,
  `estado` tinyint NOT NULL DEFAULT '1',
  `codigo` varchar(13) NOT NULL,
  PRIMARY KEY (`id`),
  UNIQUE KEY `codigo_UNIQUE` (`codigo`),
  KEY `categoria_id` (`categoria_id`),
  CONSTRAINT `producto_ibfk_1` FOREIGN KEY (`categoria_id`) REFERENCES `categoria` (`id`)
) ENGINE=InnoDB AUTO_INCREMENT=45 DEFAULT CHARSET=utf8mb4 COLLATE=utf8mb4_0900_ai_ci;
/*!40101 SET character_set_client = @saved_cs_client */;

--
-- Dumping data for table `producto`
--

LOCK TABLES `producto` WRITE;
/*!40000 ALTER TABLE `producto` DISABLE KEYS */;
INSERT INTO `producto` VALUES (2,'secco',30,1500.00,2,1200.00,'3 litros4','2025-10-11 11:42:00',1,'10011010'),(3,'Coca-cola',70,0.00,2,150000.00,'2.25 litros','2025-10-11 12:25:55',1,'11101101'),(4,'pan',22,1000.00,3,1100.00,'20 kilos','2025-10-11 00:53:04',1,'2002202'),(8,'Gaseosa',30,1400.00,2,1600.00,'1 litro','2025-10-09 12:42:08',1,'1010100'),(12,'yerba',20,1600.00,9,1400.00,'1 kg','2025-10-10 20:21:29',0,'21212121'),(15,'Pure de tomate',10,130.99,2,900.69,'nada','2025-10-11 12:25:38',1,'125125'),(22,'Masita diversion',5,25000.00,21,2000.00,'dwd','2025-10-11 01:28:00',1,'1241556'),(31,'Sidra',16,2500.00,2,2000.00,'12','2025-10-08 00:22:34',1,'491915051051'),(38,'borra',2,12321233.00,21,123.00,'dd','2025-10-11 12:01:28',1,'INT-3'),(40,'Ravioles',3,279999.00,9,249999.00,'nadad','2025-10-11 00:54:08',1,'INT-4'),(41,'Lavandina',5,1852.00,2,1252.00,'nada','2025-10-11 12:07:17',1,'INT-5'),(43,'Detergente ariel',13,1000.60,2,650.90,'adadd','2025-10-11 12:25:16',1,'INT-6'),(44,'Queso Roquefort',5,620.20,9,480.00,'adad','2025-10-11 12:27:33',1,'INT-7');
/*!40000 ALTER TABLE `producto` ENABLE KEYS */;
UNLOCK TABLES;

--
-- Table structure for table `proveedor`
--

DROP TABLE IF EXISTS `proveedor`;
/*!40101 SET @saved_cs_client     = @@character_set_client */;
/*!50503 SET character_set_client = utf8mb4 */;
CREATE TABLE `proveedor` (
  `id` int NOT NULL AUTO_INCREMENT,
  `nombre` varchar(100) NOT NULL,
  `cuit` varchar(20) NOT NULL,
  `telefono` varchar(20) DEFAULT NULL,
  `direccion` varchar(200) DEFAULT NULL,
  `estado` tinyint NOT NULL DEFAULT '1',
  `fecharegistro` datetime NOT NULL,
  `email` varchar(60) DEFAULT NULL,
  `razonsocial` varchar(80) DEFAULT NULL,
  PRIMARY KEY (`id`),
  UNIQUE KEY `cuit` (`cuit`)
) ENGINE=InnoDB AUTO_INCREMENT=9 DEFAULT CHARSET=utf8mb4 COLLATE=utf8mb4_0900_ai_ci;
/*!40101 SET character_set_client = @saved_cs_client */;

--
-- Dumping data for table `proveedor`
--

LOCK TABLES `proveedor` WRITE;
/*!40000 ALTER TABLE `proveedor` DISABLE KEYS */;
INSERT INTO `proveedor` VALUES (3,'Distribuidora Norte','20-12345678-9','3624-555555','Av. Siempre Viva 123',1,'2025-09-23 08:35:45','contacto@norte.com','Distribuidora Norte SRL'),(4,'Arcor','00997733664','3644223344','ada',1,'2025-10-08 21:34:13','qwrqwr@gmail.com',''),(8,'Manaos','09987674637','3562674455','calle hiporito hiyrogoyen ',1,'2025-10-11 01:58:57','manaookk@gmail.com','Manos SRl');
/*!40000 ALTER TABLE `proveedor` ENABLE KEYS */;
UNLOCK TABLES;

--
-- Table structure for table `retiros`
--

DROP TABLE IF EXISTS `retiros`;
/*!40101 SET @saved_cs_client     = @@character_set_client */;
/*!50503 SET character_set_client = utf8mb4 */;
CREATE TABLE `retiros` (
  `id` int NOT NULL AUTO_INCREMENT,
  `empleado_id` int DEFAULT NULL,
  `monto` decimal(10,2) DEFAULT NULL,
  `fecha_hora` datetime DEFAULT NULL,
  PRIMARY KEY (`id`),
  KEY `empleado_id` (`empleado_id`),
  CONSTRAINT `retiros_ibfk_1` FOREIGN KEY (`empleado_id`) REFERENCES `usuario` (`idusuario`)
) ENGINE=InnoDB DEFAULT CHARSET=utf8mb4 COLLATE=utf8mb4_0900_ai_ci;
/*!40101 SET character_set_client = @saved_cs_client */;

--
-- Dumping data for table `retiros`
--

LOCK TABLES `retiros` WRITE;
/*!40000 ALTER TABLE `retiros` DISABLE KEYS */;
/*!40000 ALTER TABLE `retiros` ENABLE KEYS */;
UNLOCK TABLES;

--
-- Table structure for table `rol`
--

DROP TABLE IF EXISTS `rol`;
/*!40101 SET @saved_cs_client     = @@character_set_client */;
/*!50503 SET character_set_client = utf8mb4 */;
CREATE TABLE `rol` (
  `idrol` int NOT NULL AUTO_INCREMENT,
  `nombre` varchar(50) NOT NULL,
  `fecha_creacion` datetime NOT NULL DEFAULT CURRENT_TIMESTAMP,
  PRIMARY KEY (`idrol`),
  UNIQUE KEY `nombre` (`nombre`)
) ENGINE=InnoDB AUTO_INCREMENT=3 DEFAULT CHARSET=utf8mb4 COLLATE=utf8mb4_0900_ai_ci;
/*!40101 SET character_set_client = @saved_cs_client */;

--
-- Dumping data for table `rol`
--

LOCK TABLES `rol` WRITE;
/*!40000 ALTER TABLE `rol` DISABLE KEYS */;
INSERT INTO `rol` VALUES (1,'Administrador','2025-06-19 23:45:01'),(2,'Empleado','2025-06-19 23:53:21');
/*!40000 ALTER TABLE `rol` ENABLE KEYS */;
UNLOCK TABLES;

--
-- Table structure for table `subas_precios`
--

DROP TABLE IF EXISTS `subas_precios`;
/*!40101 SET @saved_cs_client     = @@character_set_client */;
/*!50503 SET character_set_client = utf8mb4 */;
CREATE TABLE `subas_precios` (
  `id` int NOT NULL AUTO_INCREMENT,
  `tipo` enum('Proveedor','Categoria','Producto','Unidad') DEFAULT NULL,
  `referencia_id` int DEFAULT NULL,
  `porcentaje` decimal(5,2) DEFAULT NULL,
  `fecha_aplicacion` date DEFAULT NULL,
  PRIMARY KEY (`id`)
) ENGINE=InnoDB DEFAULT CHARSET=utf8mb4 COLLATE=utf8mb4_0900_ai_ci;
/*!40101 SET character_set_client = @saved_cs_client */;

--
-- Dumping data for table `subas_precios`
--

LOCK TABLES `subas_precios` WRITE;
/*!40000 ALTER TABLE `subas_precios` DISABLE KEYS */;
/*!40000 ALTER TABLE `subas_precios` ENABLE KEYS */;
UNLOCK TABLES;

--
-- Table structure for table `usuario`
--

DROP TABLE IF EXISTS `usuario`;
/*!40101 SET @saved_cs_client     = @@character_set_client */;
/*!50503 SET character_set_client = utf8mb4 */;
CREATE TABLE `usuario` (
  `idusuario` int NOT NULL AUTO_INCREMENT,
  `nombre` varchar(100) NOT NULL,
  `apellido` varchar(100) NOT NULL,
  `dni` varchar(20) NOT NULL,
  `telefono` varchar(20) DEFAULT NULL,
  `rol_id` int DEFAULT NULL,
  `usuario_cuenta` varchar(45) NOT NULL,
  `contrasenia` varchar(45) NOT NULL,
  `email` varchar(60) NOT NULL,
  `estado` tinyint DEFAULT '1',
  `escliente` tinyint DEFAULT '0',
  `esproveedor` tinyint DEFAULT '0',
  PRIMARY KEY (`idusuario`),
  UNIQUE KEY `dni` (`dni`),
  KEY `rol_id` (`rol_id`),
  CONSTRAINT `usuario_ibfk_1` FOREIGN KEY (`rol_id`) REFERENCES `rol` (`idrol`)
) ENGINE=InnoDB AUTO_INCREMENT=22 DEFAULT CHARSET=utf8mb4 COLLATE=utf8mb4_0900_ai_ci;
/*!40101 SET character_set_client = @saved_cs_client */;

--
-- Dumping data for table `usuario`
--

LOCK TABLES `usuario` WRITE;
/*!40000 ALTER TABLE `usuario` DISABLE KEYS */;
INSERT INTO `usuario` VALUES (1,'Federicooo','Molina','38962453','3644657148',1,'FNMolina','123456789','fede.099molina@gmail.com',1,0,0),(2,'Hector','Ramirez','38862453','3644657148',2,'EliasR','123456789','what@gmail.com',1,0,0),(12,'Prueba','Prueba','12312356','3644332255',1,'admin','admin','prueba@gmail.com',1,1,1),(17,'elias','ramirewa','12345678','3644555503',1,'124','1234','afmalf@gmaiol.com',1,0,0),(19,'Matias','Alex','1234093482','1159478201',2,'admin','adminn','elias@gmail.com',1,1,0);
/*!40000 ALTER TABLE `usuario` ENABLE KEYS */;
UNLOCK TABLES;

--
-- Table structure for table `venta`
--

DROP TABLE IF EXISTS `venta`;
/*!40101 SET @saved_cs_client     = @@character_set_client */;
/*!50503 SET character_set_client = utf8mb4 */;
CREATE TABLE `venta` (
  `id` int NOT NULL AUTO_INCREMENT,
  `fecharegistro` datetime NOT NULL,
  `empleado_id` int DEFAULT NULL,
  `cliente_id` int DEFAULT NULL,
  `montototal` decimal(10,2) NOT NULL,
  `montopago` decimal(10,2) DEFAULT NULL,
  `montocambio` decimal(10,2) DEFAULT NULL,
  `tipodocumento` varchar(45) NOT NULL,
  `numerodocumento` varchar(45) NOT NULL,
  PRIMARY KEY (`id`),
  KEY `empleado_id` (`empleado_id`),
  KEY `cliente_id` (`cliente_id`),
  CONSTRAINT `venta_ibfk_1` FOREIGN KEY (`empleado_id`) REFERENCES `usuario` (`idusuario`),
  CONSTRAINT `venta_ibfk_2` FOREIGN KEY (`cliente_id`) REFERENCES `cliente` (`id`)
) ENGINE=InnoDB AUTO_INCREMENT=2 DEFAULT CHARSET=utf8mb4 COLLATE=utf8mb4_0900_ai_ci;
/*!40101 SET character_set_client = @saved_cs_client */;

--
-- Dumping data for table `venta`
--

LOCK TABLES `venta` WRITE;
/*!40000 ALTER TABLE `venta` DISABLE KEYS */;
INSERT INTO `venta` VALUES (1,'2025-10-06 20:49:44',1,NULL,20000.00,20000.00,0.00,'Boleta','0001-00000001');
/*!40000 ALTER TABLE `venta` ENABLE KEYS */;
UNLOCK TABLES;

--
-- Table structure for table `venta_mediopago`
--

DROP TABLE IF EXISTS `venta_mediopago`;
/*!40101 SET @saved_cs_client     = @@character_set_client */;
/*!50503 SET character_set_client = utf8mb4 */;
CREATE TABLE `venta_mediopago` (
  `id` int NOT NULL AUTO_INCREMENT,
  `venta_id` int DEFAULT NULL,
  `medio_pago` enum('Efectivo','Tarjeta','Billetera Virtual') NOT NULL,
  `monto` decimal(10,2) NOT NULL,
  PRIMARY KEY (`id`),
  KEY `venta_id` (`venta_id`),
  CONSTRAINT `venta_mediopago_ibfk_1` FOREIGN KEY (`venta_id`) REFERENCES `venta` (`id`)
) ENGINE=InnoDB DEFAULT CHARSET=utf8mb4 COLLATE=utf8mb4_0900_ai_ci;
/*!40101 SET character_set_client = @saved_cs_client */;

--
-- Dumping data for table `venta_mediopago`
--

LOCK TABLES `venta_mediopago` WRITE;
/*!40000 ALTER TABLE `venta_mediopago` DISABLE KEYS */;
/*!40000 ALTER TABLE `venta_mediopago` ENABLE KEYS */;
UNLOCK TABLES;

--
-- Dumping events for database 'maxikiosco'
--

--
-- Dumping routines for database 'maxikiosco'
--
/*!50003 DROP PROCEDURE IF EXISTS `SP_EditarCategoria` */;
/*!50003 SET @saved_cs_client      = @@character_set_client */ ;
/*!50003 SET @saved_cs_results     = @@character_set_results */ ;
/*!50003 SET @saved_col_connection = @@collation_connection */ ;
/*!50003 SET character_set_client  = utf8mb4 */ ;
/*!50003 SET character_set_results = utf8mb4 */ ;
/*!50003 SET collation_connection  = utf8mb4_0900_ai_ci */ ;
/*!50003 SET @saved_sql_mode       = @@sql_mode */ ;
/*!50003 SET sql_mode              = 'ONLY_FULL_GROUP_BY,STRICT_TRANS_TABLES,NO_ZERO_IN_DATE,NO_ZERO_DATE,ERROR_FOR_DIVISION_BY_ZERO,NO_ENGINE_SUBSTITUTION' */ ;
DELIMITER ;;
CREATE DEFINER=`root`@`localhost` PROCEDURE `SP_EditarCategoria`(
    IN p_id INT,
    IN p_nombre_categoria VARCHAR(50),
    IN p_estado TINYINT,
    IN p_porcentaje_aumento DECIMAL(5,2),
    OUT p_resultado INT,
    OUT mensaje VARCHAR(250)
)
BEGIN
    SET p_resultado = 1;
    SET mensaje = '';

    IF NOT EXISTS (SELECT * FROM categoria WHERE nombre_categoria = p_nombre_categoria AND id != p_id) THEN
        UPDATE categoria 
        SET nombre_categoria = p_nombre_categoria,
            estado = p_estado,
            porcentaje_aumento = p_porcentaje_aumento
        WHERE id = p_id;

        SET mensaje = 'Categoría editada correctamente';
    ELSE
        SET p_resultado = 0;
        SET mensaje = 'Error: No se puede repetir la descripción de una categoría';
    END IF;
END ;;
DELIMITER ;
/*!50003 SET sql_mode              = @saved_sql_mode */ ;
/*!50003 SET character_set_client  = @saved_cs_client */ ;
/*!50003 SET character_set_results = @saved_cs_results */ ;
/*!50003 SET collation_connection  = @saved_col_connection */ ;
/*!50003 DROP PROCEDURE IF EXISTS `SP_EDITARCLIENTE` */;
/*!50003 SET @saved_cs_client      = @@character_set_client */ ;
/*!50003 SET @saved_cs_results     = @@character_set_results */ ;
/*!50003 SET @saved_col_connection = @@collation_connection */ ;
/*!50003 SET character_set_client  = utf8mb4 */ ;
/*!50003 SET character_set_results = utf8mb4 */ ;
/*!50003 SET collation_connection  = utf8mb4_0900_ai_ci */ ;
/*!50003 SET @saved_sql_mode       = @@sql_mode */ ;
/*!50003 SET sql_mode              = 'ONLY_FULL_GROUP_BY,STRICT_TRANS_TABLES,NO_ZERO_IN_DATE,NO_ZERO_DATE,ERROR_FOR_DIVISION_BY_ZERO,NO_ENGINE_SUBSTITUTION' */ ;
DELIMITER ;;
CREATE DEFINER=`root`@`localhost` PROCEDURE `SP_EDITARCLIENTE`(
    IN p_idcliente INT,
    IN p_documento VARCHAR(50),
    IN p_nombre VARCHAR(80),
    IN p_apellido VARCHAR(60),
    IN p_telefono VARCHAR(20),
    IN p_domicilio VARCHAR(50),
    IN p_email VARCHAR(50),
    IN p_estado TINYINT,
    
    -- NUEVOS PARAMETROS
    IN p_cuit VARCHAR(15), 
    IN p_razonsocial VARCHAR(100),
    IN p_condicion_iva VARCHAR(50),
    IN p_tipo_cliente VARCHAR(50),
    
    OUT respuesta TINYINT,
    OUT mensaje VARCHAR(250)
)
BEGIN
    
    SET respuesta = 0;
    SET mensaje = '';

    -- Se actualiza la tabla con los nuevos campos
    UPDATE cliente
    SET dni = p_documento,
        nombre = p_nombre,
        apellido = p_apellido,
        telefono = p_telefono,
        domicilio = p_domicilio,
        email = p_email,
        estado = p_estado,
        -- ACTUALIZACION DE NUEVAS COLUMNAS
        cuit = p_cuit,
        razonsocial = p_razonsocial,
        condicion_iva = p_condicion_iva,
        tipo_cliente = p_tipo_cliente
    WHERE id = p_idcliente;

    
    IF ROW_COUNT() > 0 THEN
        SET respuesta = 1;
        -- Mensaje de exito sin acentos
        SET mensaje = 'Cliente actualizado correctamente'; 
    ELSE
        -- Mensaje de error sin acentos
        SET mensaje = 'No se encontro el cliente o no hubo cambios';
    END IF;
END ;;
DELIMITER ;
/*!50003 SET sql_mode              = @saved_sql_mode */ ;
/*!50003 SET character_set_client  = @saved_cs_client */ ;
/*!50003 SET character_set_results = @saved_cs_results */ ;
/*!50003 SET collation_connection  = @saved_col_connection */ ;
/*!50003 DROP PROCEDURE IF EXISTS `SP_EditarProducto` */;
/*!50003 SET @saved_cs_client      = @@character_set_client */ ;
/*!50003 SET @saved_cs_results     = @@character_set_results */ ;
/*!50003 SET @saved_col_connection = @@collation_connection */ ;
/*!50003 SET character_set_client  = utf8mb4 */ ;
/*!50003 SET character_set_results = utf8mb4 */ ;
/*!50003 SET collation_connection  = utf8mb4_0900_ai_ci */ ;
/*!50003 SET @saved_sql_mode       = @@sql_mode */ ;
/*!50003 SET sql_mode              = 'ONLY_FULL_GROUP_BY,STRICT_TRANS_TABLES,NO_ZERO_IN_DATE,NO_ZERO_DATE,ERROR_FOR_DIVISION_BY_ZERO,NO_ENGINE_SUBSTITUTION' */ ;
DELIMITER ;;
CREATE DEFINER=`root`@`localhost` PROCEDURE `SP_EditarProducto`(
    IN p_id INT,
    IN p_nombre VARCHAR(60),
    IN p_stock INT,
    IN p_precioventa DECIMAL(10, 2),
    IN p_categoria_id INT,
    IN p_preciocompra DECIMAL(10, 2),
    IN p_descripcion VARCHAR(20),
    IN p_fecharegistro DATETIME,
    IN p_estado TINYINT,
    IN p_codigo VARCHAR(13),
    OUT mensaje VARCHAR(250),
    OUT resultado INT
)
BEGIN
    DECLARE existe_nombre INT DEFAULT 0;
    DECLARE existe_codigo INT DEFAULT 0;

    SET mensaje = '';
    SET resultado = 1;
    
    -- 1. Verificar si existe otro producto con el MISMO NOMBRE y DIFERENTE ID (Esto ya estaba bien)
    SELECT COUNT(*) INTO existe_nombre
    FROM producto 
    WHERE id != p_id AND nombre = p_nombre;

    -- 2. Verificar si existe otro producto con el MISMO CÓDIGO y DIFERENTE ID.
    --    PERO solo si el código NO es un código autogenerado 'INT-%'.
    SELECT COUNT(*) INTO existe_codigo
    FROM producto 
    WHERE id != p_id 
      AND codigo = p_codigo
      AND p_codigo NOT LIKE 'INT-%'; -- ⬅️ CORRECCIÓN APLICADA AQUÍ.

    -- 3. Proceder a la edición si no hay duplicados.
    IF (existe_nombre = 0 AND existe_codigo = 0) THEN
        UPDATE producto 
        SET nombre = p_nombre,
            stock = p_stock,
            precioventa = p_precioventa,
            categoria_id = p_categoria_id,
            preciocompra = p_preciocompra,
            descripcion = p_descripcion,
            fecharegistro = p_fecharegistro,
            estado = p_estado,
            codigo = p_codigo
        WHERE id = p_id;

        SET mensaje = 'El producto se editó con éxito';
        SET resultado = 1;
    ELSE
        SET resultado = 0;
        IF existe_nombre > 0 THEN
            SET mensaje = 'Error: ya existe otro producto con ese nombre';
        ELSEIF existe_codigo > 0 THEN
            SET mensaje = 'Error: ya existe otro producto con ese código';
        END IF;
    END IF;
END ;;
DELIMITER ;
/*!50003 SET sql_mode              = @saved_sql_mode */ ;
/*!50003 SET character_set_client  = @saved_cs_client */ ;
/*!50003 SET character_set_results = @saved_cs_results */ ;
/*!50003 SET collation_connection  = @saved_col_connection */ ;
/*!50003 DROP PROCEDURE IF EXISTS `SP_EDITARPROVEEDOR` */;
/*!50003 SET @saved_cs_client      = @@character_set_client */ ;
/*!50003 SET @saved_cs_results     = @@character_set_results */ ;
/*!50003 SET @saved_col_connection = @@collation_connection */ ;
/*!50003 SET character_set_client  = utf8mb4 */ ;
/*!50003 SET character_set_results = utf8mb4 */ ;
/*!50003 SET collation_connection  = utf8mb4_0900_ai_ci */ ;
/*!50003 SET @saved_sql_mode       = @@sql_mode */ ;
/*!50003 SET sql_mode              = 'ONLY_FULL_GROUP_BY,STRICT_TRANS_TABLES,NO_ZERO_IN_DATE,NO_ZERO_DATE,ERROR_FOR_DIVISION_BY_ZERO,NO_ENGINE_SUBSTITUTION' */ ;
DELIMITER ;;
CREATE DEFINER=`root`@`localhost` PROCEDURE `SP_EDITARPROVEEDOR`(
IN p_id INT,
IN p_nombre VARCHAR(80),
IN p_cuit VARCHAR(40),
IN p_razonsocial VARCHAR(80),
IN p_telefono VARCHAR(20),
IN p_direccion VARCHAR(80),
IN p_estado TINYINT,
IN p_email VARCHAR(60),
OUT resultado TINYINT,
OUT mensaje VARCHAR(250)
)
BEGIN
	set resultado = 1;
    set mensaje = '';
    IF NOT EXISTS(SELECT 1 FROM proveedor WHERE cuit = p_cuit and id != p_id ) THEN 
		UPDATE proveedor 
		SET nombre = p_nombre,
		cuit = p_cuit, 
        razonsocial = p_razonsocial,
		telefono = p_telefono,
		direccion = p_direccion,
		estado = p_estado,
		email = p_email where id = p_id;
		SET resultado = last_insert_id();
		SET mensaje = 'El proveedor fue modificado con exito';
    ELSE
		SET mensaje = 'El numero de documento ya existe';
	END IF;
END ;;
DELIMITER ;
/*!50003 SET sql_mode              = @saved_sql_mode */ ;
/*!50003 SET character_set_client  = @saved_cs_client */ ;
/*!50003 SET character_set_results = @saved_cs_results */ ;
/*!50003 SET collation_connection  = @saved_col_connection */ ;
/*!50003 DROP PROCEDURE IF EXISTS `SP_EDITARUSUARIO` */;
/*!50003 SET @saved_cs_client      = @@character_set_client */ ;
/*!50003 SET @saved_cs_results     = @@character_set_results */ ;
/*!50003 SET @saved_col_connection = @@collation_connection */ ;
/*!50003 SET character_set_client  = utf8mb4 */ ;
/*!50003 SET character_set_results = utf8mb4 */ ;
/*!50003 SET collation_connection  = utf8mb4_0900_ai_ci */ ;
/*!50003 SET @saved_sql_mode       = @@sql_mode */ ;
/*!50003 SET sql_mode              = 'ONLY_FULL_GROUP_BY,STRICT_TRANS_TABLES,NO_ZERO_IN_DATE,NO_ZERO_DATE,ERROR_FOR_DIVISION_BY_ZERO,NO_ENGINE_SUBSTITUTION' */ ;
DELIMITER ;;
CREATE DEFINER=`root`@`localhost` PROCEDURE `SP_EDITARUSUARIO`(
    IN p_idusuario int,
    IN p_documento VARCHAR(50),
    IN p_nombre VARCHAR(80),
    IN p_apellido VARCHAR(60),
    IN p_telefono VARCHAR(20),
    IN p_rol_id INT,
    IN p_usuario_cuenta VARCHAR(30),
    IN p_contrasenia VARCHAR(80),
    IN p_email VARCHAR(50),
    IN p_estado TINYINT,
    
    -- ⬇️ NUEVOS PARÁMETROS AGREGADOS ⬇️
    IN p_escliente TINYINT,
    IN p_esproveedor TINYINT,
    
    OUT respuesta tinyint,
    OUT mensaje VARCHAR(250)
)
BEGIN
    
    SET respuesta = 0;
    SET mensaje = '';

    IF NOT EXISTS (SELECT 1 FROM usuario WHERE dni = p_documento 
    AND idusuario <> p_idusuario) THEN
        UPDATE usuario set 
            dni = p_documento,
            nombre = p_nombre,
            apellido = p_apellido,
            email = p_email,
            usuario_cuenta = p_usuario_cuenta,
            contrasenia = p_contrasenia,
            rol_id =  p_rol_id,
            telefono =  p_telefono,
            estado = p_estado,
            
            escliente = p_escliente,     -- Nueva actualización
            esproveedor = p_esproveedor  -- Nueva actualización

        WHERE idusuario = p_idusuario;

        SET respuesta = 1;
        SET mensaje = 'Usuario editado correctamente';
    ELSE
		SET mensaje = 'Error: El documento ya está registrado por otro usuario.'; 
		SET respuesta = 0;
    END IF;
END ;;
DELIMITER ;
/*!50003 SET sql_mode              = @saved_sql_mode */ ;
/*!50003 SET character_set_client  = @saved_cs_client */ ;
/*!50003 SET character_set_results = @saved_cs_results */ ;
/*!50003 SET collation_connection  = @saved_col_connection */ ;
/*!50003 DROP PROCEDURE IF EXISTS `SP_EliminarCategoria` */;
/*!50003 SET @saved_cs_client      = @@character_set_client */ ;
/*!50003 SET @saved_cs_results     = @@character_set_results */ ;
/*!50003 SET @saved_col_connection = @@collation_connection */ ;
/*!50003 SET character_set_client  = utf8mb4 */ ;
/*!50003 SET character_set_results = utf8mb4 */ ;
/*!50003 SET collation_connection  = utf8mb4_0900_ai_ci */ ;
/*!50003 SET @saved_sql_mode       = @@sql_mode */ ;
/*!50003 SET sql_mode              = 'ONLY_FULL_GROUP_BY,STRICT_TRANS_TABLES,NO_ZERO_IN_DATE,NO_ZERO_DATE,ERROR_FOR_DIVISION_BY_ZERO,NO_ENGINE_SUBSTITUTION' */ ;
DELIMITER ;;
CREATE DEFINER=`root`@`localhost` PROCEDURE `SP_EliminarCategoria`(
	IN p_id int,
    OUT p_resultado INT,
    OUT mensaje VARCHAR(250)
)
BEGIN
    SET p_resultado = 1;
    SET mensaje = '';

    IF NOT EXISTS (SELECT * FROM categoria inner join producto on producto.categoria_id = categoria.id
    WHERE categoria.id = p_id) THEN
        delete from categoria where id=p_id;
        SET mensaje = 'Categoría eliminada correctamente';
    
    else
		set p_resultado = 0;
		SET mensaje = 'Error: No se puede eliminar esta categoria ya esta relacionada a un producto';
	END IF;
END ;;
DELIMITER ;
/*!50003 SET sql_mode              = @saved_sql_mode */ ;
/*!50003 SET character_set_client  = @saved_cs_client */ ;
/*!50003 SET character_set_results = @saved_cs_results */ ;
/*!50003 SET collation_connection  = @saved_col_connection */ ;
/*!50003 DROP PROCEDURE IF EXISTS `SP_EliminarProducto` */;
/*!50003 SET @saved_cs_client      = @@character_set_client */ ;
/*!50003 SET @saved_cs_results     = @@character_set_results */ ;
/*!50003 SET @saved_col_connection = @@collation_connection */ ;
/*!50003 SET character_set_client  = utf8mb4 */ ;
/*!50003 SET character_set_results = utf8mb4 */ ;
/*!50003 SET collation_connection  = utf8mb4_0900_ai_ci */ ;
/*!50003 SET @saved_sql_mode       = @@sql_mode */ ;
/*!50003 SET sql_mode              = 'ONLY_FULL_GROUP_BY,STRICT_TRANS_TABLES,NO_ZERO_IN_DATE,NO_ZERO_DATE,ERROR_FOR_DIVISION_BY_ZERO,NO_ENGINE_SUBSTITUTION' */ ;
DELIMITER ;;
CREATE DEFINER=`root`@`localhost` PROCEDURE `SP_EliminarProducto`(
in p_id int,
out resultado int,
out mensaje varchar(250)
)
begin
	DECLARE pasoregla TINYINT DEFAULT 1;
	set resultado = 1;
	set mensaje = '';
	
	if exists(select * from detalle_compra inner join producto on producto.id = detalle_compra.producto_id where producto.id = p_id) then
	set resultado = 0;
    set pasoregla = 0;
    set mensaje = 'No se puede eliminar este producto por que esta asociado a una compra';
    end if;
	if exists(select * from detalle_venta inner join producto on producto.id = detalle_venta.producto_id
	where producto.id = p_id) then
		set resultado = 0;
        set pasoregla = 0;
        set mensaje = 'No se puede eliminar este producto por que esta asociado a una venta';
	end if;
	if (pasoregla = 1)then
			delete from producto where producto.id = p_id;
			set resultado = 1;
	end if;
END ;;
DELIMITER ;
/*!50003 SET sql_mode              = @saved_sql_mode */ ;
/*!50003 SET character_set_client  = @saved_cs_client */ ;
/*!50003 SET character_set_results = @saved_cs_results */ ;
/*!50003 SET collation_connection  = @saved_col_connection */ ;
/*!50003 DROP PROCEDURE IF EXISTS `SP_ELIMINARPROVEEDOR` */;
/*!50003 SET @saved_cs_client      = @@character_set_client */ ;
/*!50003 SET @saved_cs_results     = @@character_set_results */ ;
/*!50003 SET @saved_col_connection = @@collation_connection */ ;
/*!50003 SET character_set_client  = utf8mb4 */ ;
/*!50003 SET character_set_results = utf8mb4 */ ;
/*!50003 SET collation_connection  = utf8mb4_0900_ai_ci */ ;
/*!50003 SET @saved_sql_mode       = @@sql_mode */ ;
/*!50003 SET sql_mode              = 'ONLY_FULL_GROUP_BY,STRICT_TRANS_TABLES,NO_ZERO_IN_DATE,NO_ZERO_DATE,ERROR_FOR_DIVISION_BY_ZERO,NO_ENGINE_SUBSTITUTION' */ ;
DELIMITER ;;
CREATE DEFINER=`root`@`localhost` PROCEDURE `SP_ELIMINARPROVEEDOR`(
IN p_id int,
out resultado TINYINT,
out mensaje varchar(250)
)
BEGIN
	set resultado = 1;
    if not exists(
		select * from proveedor p inner join compra c on p.id = c.proveedor_id where p_id = p.id
		) THEN
		delete from proveedor where id = p_id;
    ELSE
		set resultado = 0;
        set mensaje = "El proveedor se encuentra relacionado a una compra";
	END IF;
END ;;
DELIMITER ;
/*!50003 SET sql_mode              = @saved_sql_mode */ ;
/*!50003 SET character_set_client  = @saved_cs_client */ ;
/*!50003 SET character_set_results = @saved_cs_results */ ;
/*!50003 SET collation_connection  = @saved_col_connection */ ;
/*!50003 DROP PROCEDURE IF EXISTS `SP_ELIMINARUSUARIO` */;
/*!50003 SET @saved_cs_client      = @@character_set_client */ ;
/*!50003 SET @saved_cs_results     = @@character_set_results */ ;
/*!50003 SET @saved_col_connection = @@collation_connection */ ;
/*!50003 SET character_set_client  = utf8mb4 */ ;
/*!50003 SET character_set_results = utf8mb4 */ ;
/*!50003 SET collation_connection  = utf8mb4_0900_ai_ci */ ;
/*!50003 SET @saved_sql_mode       = @@sql_mode */ ;
/*!50003 SET sql_mode              = 'ONLY_FULL_GROUP_BY,STRICT_TRANS_TABLES,NO_ZERO_IN_DATE,NO_ZERO_DATE,ERROR_FOR_DIVISION_BY_ZERO,NO_ENGINE_SUBSTITUTION' */ ;
DELIMITER ;;
CREATE DEFINER=`root`@`localhost` PROCEDURE `SP_ELIMINARUSUARIO`(
    IN p_idusuario INT,
    OUT respuesta TINYINT,
    OUT mensaje VARCHAR(250)
)
BEGIN
    
    DECLARE pasoregla TINYINT DEFAULT 1;

    
    SET respuesta = 0;
    SET mensaje = '';

    
    IF EXISTS (
        SELECT 1 FROM compra c 
        INNER JOIN usuario u ON u.idusuario = c.empleado_id 
        WHERE u.idusuario = p_idusuario
    ) THEN
        SET pasoregla = 0;
        SET respuesta = 0;
        SET mensaje = 'No se puede eliminar porque el usuario se encuentra relacionado a una compra';
    END IF;

    
    IF EXISTS (
        SELECT 1 FROM venta v 
        INNER JOIN usuario u ON u.idusuario = v.empleado_id 
        WHERE u.idusuario = p_idusuario
    ) THEN
        SET pasoregla = 0;
        SET respuesta = 0;
        SET mensaje = 'No se puede eliminar porque el usuario se encuentra relacionado a una venta';
    END IF;

    
    IF pasoregla = 1 THEN
        DELETE FROM usuario WHERE idusuario = p_idusuario;
        SET respuesta = 1;
        SET mensaje = 'Usuario eliminado correctamente';
    END IF;

END ;;
DELIMITER ;
/*!50003 SET sql_mode              = @saved_sql_mode */ ;
/*!50003 SET character_set_client  = @saved_cs_client */ ;
/*!50003 SET character_set_results = @saved_cs_results */ ;
/*!50003 SET collation_connection  = @saved_col_connection */ ;
/*!50003 DROP PROCEDURE IF EXISTS `SP_RegistrarCategoria` */;
/*!50003 SET @saved_cs_client      = @@character_set_client */ ;
/*!50003 SET @saved_cs_results     = @@character_set_results */ ;
/*!50003 SET @saved_col_connection = @@collation_connection */ ;
/*!50003 SET character_set_client  = utf8mb4 */ ;
/*!50003 SET character_set_results = utf8mb4 */ ;
/*!50003 SET collation_connection  = utf8mb4_0900_ai_ci */ ;
/*!50003 SET @saved_sql_mode       = @@sql_mode */ ;
/*!50003 SET sql_mode              = 'ONLY_FULL_GROUP_BY,STRICT_TRANS_TABLES,NO_ZERO_IN_DATE,NO_ZERO_DATE,ERROR_FOR_DIVISION_BY_ZERO,NO_ENGINE_SUBSTITUTION' */ ;
DELIMITER ;;
CREATE DEFINER=`root`@`localhost` PROCEDURE `SP_RegistrarCategoria`(
    IN p_nombre_categoria VARCHAR(50),
    IN p_estado TINYINT,
    IN p_porcentaje_aumento DECIMAL(5,2),
    OUT p_resultado INT,
    OUT mensaje VARCHAR(250)
)
BEGIN
    SET p_resultado = 0;
    SET mensaje = '';

    IF NOT EXISTS (SELECT * FROM categoria WHERE nombre_categoria = p_nombre_categoria) THEN
        INSERT INTO categoria(nombre_categoria, estado, porcentaje_aumento)
        VALUES (p_nombre_categoria, p_estado, p_porcentaje_aumento);

        SET p_resultado = LAST_INSERT_ID();
        SET mensaje = 'Categoría creada correctamente';
    ELSE
        SET mensaje = 'Error: Ya existe esa categoría';
    END IF;
END ;;
DELIMITER ;
/*!50003 SET sql_mode              = @saved_sql_mode */ ;
/*!50003 SET character_set_client  = @saved_cs_client */ ;
/*!50003 SET character_set_results = @saved_cs_results */ ;
/*!50003 SET collation_connection  = @saved_col_connection */ ;
/*!50003 DROP PROCEDURE IF EXISTS `SP_REGISTRARCLIENTE` */;
/*!50003 SET @saved_cs_client      = @@character_set_client */ ;
/*!50003 SET @saved_cs_results     = @@character_set_results */ ;
/*!50003 SET @saved_col_connection = @@collation_connection */ ;
/*!50003 SET character_set_client  = utf8mb4 */ ;
/*!50003 SET character_set_results = utf8mb4 */ ;
/*!50003 SET collation_connection  = utf8mb4_0900_ai_ci */ ;
/*!50003 SET @saved_sql_mode       = @@sql_mode */ ;
/*!50003 SET sql_mode              = 'ONLY_FULL_GROUP_BY,STRICT_TRANS_TABLES,NO_ZERO_IN_DATE,NO_ZERO_DATE,ERROR_FOR_DIVISION_BY_ZERO,NO_ENGINE_SUBSTITUTION' */ ;
DELIMITER ;;
CREATE DEFINER=`root`@`localhost` PROCEDURE `SP_REGISTRARCLIENTE`(
    IN p_documento VARCHAR(50),
    IN p_nombre VARCHAR(80),
    IN p_apellido VARCHAR(60),
    IN p_telefono VARCHAR(20),
    IN p_email VARCHAR(50),
    IN p_domicilio VARCHAR(50),
    IN p_estado TINYINT,
    
    -- ⬇️ NUEVOS PARÁMETROS AGREGADOS ⬇️
    IN p_cuit VARCHAR(15), 
    IN p_razonsocial VARCHAR(100),
    IN p_condicion_iva VARCHAR(50), 
    IN p_tipo_cliente VARCHAR(50),
    
    OUT idclienteresultado INT,
    OUT mensaje VARCHAR(250)
)
BEGIN
    
    SET idclienteresultado = 0;
    SET mensaje = '';

    IF NOT EXISTS (SELECT 1 FROM cliente WHERE dni = p_documento) THEN
        INSERT INTO cliente (
            nombre, apellido, dni, telefono, domicilio, email, estado,
            -- ⬇️ NUEVAS COLUMNAS ⬇️
            cuit, razonsocial, condicion_iva, tipo_cliente 
        )
        VALUES ( 
            p_nombre, p_apellido, p_documento, p_telefono, p_domicilio, p_email, p_estado,
            -- ⬇️ NUEVOS VALORES ⬇️
            p_cuit, p_razonsocial, p_condicion_iva, p_tipo_cliente
        );

        SET idclienteresultado = LAST_INSERT_ID();
        SET mensaje = 'Cliente registrado correctamente';
    ELSE
        SET mensaje = 'Error: Ya existe un cliente con ese documento';
    END IF;
END ;;
DELIMITER ;
/*!50003 SET sql_mode              = @saved_sql_mode */ ;
/*!50003 SET character_set_client  = @saved_cs_client */ ;
/*!50003 SET character_set_results = @saved_cs_results */ ;
/*!50003 SET collation_connection  = @saved_col_connection */ ;
/*!50003 DROP PROCEDURE IF EXISTS `SP_RegistrarCompra` */;
/*!50003 SET @saved_cs_client      = @@character_set_client */ ;
/*!50003 SET @saved_cs_results     = @@character_set_results */ ;
/*!50003 SET @saved_col_connection = @@collation_connection */ ;
/*!50003 SET character_set_client  = utf8mb4 */ ;
/*!50003 SET character_set_results = utf8mb4 */ ;
/*!50003 SET collation_connection  = utf8mb4_0900_ai_ci */ ;
/*!50003 SET @saved_sql_mode       = @@sql_mode */ ;
/*!50003 SET sql_mode              = 'ONLY_FULL_GROUP_BY,STRICT_TRANS_TABLES,NO_ZERO_IN_DATE,NO_ZERO_DATE,ERROR_FOR_DIVISION_BY_ZERO,NO_ENGINE_SUBSTITUTION' */ ;
DELIMITER ;;
CREATE DEFINER=`root`@`localhost` PROCEDURE `SP_RegistrarCompra`(
  IN  p_empleado_id     INT,
  IN  p_proveedor_id    INT,
  IN  p_tipodocumento   VARCHAR(45),
  IN  p_numerodocumento VARCHAR(45),
  IN  p_detallecompra   JSON,       
  OUT resultado         TINYINT,
  OUT mensaje           VARCHAR(250)
)
BEGIN
  DECLARE v_compra_id BIGINT;
  DECLARE v_rows INT DEFAULT 0;
  DECLARE v_missing INT DEFAULT 0;
  DECLARE v_first_missing INT DEFAULT NULL;
  DECLARE v_msg TEXT;
  DECLARE v_sqlstate CHAR(5);

  
  DECLARE EXIT HANDLER FOR SQLEXCEPTION
  BEGIN
    GET DIAGNOSTICS CONDITION 1 v_msg = MESSAGE_TEXT, v_sqlstate = RETURNED_SQLSTATE;
    ROLLBACK;
    SET resultado = 0;
    SET mensaje = CONCAT('Error al registrar la compra: ', COALESCE(v_msg,'?'), ' [SQLSTATE ', COALESCE(v_sqlstate,'00000'), ']');
  END;

  proc: BEGIN
    
    IF JSON_TYPE(p_detallecompra) <> 'ARRAY' THEN
      SET resultado = 0;
      SET mensaje = 'p_detallecompra debe ser un arreglo JSON';
      LEAVE proc;
    END IF;

    
    CREATE TEMPORARY TABLE IF NOT EXISTS det_tmp (
      producto_id  INT NOT NULL,
      preciocompra DECIMAL(10,2) NOT NULL,
      precioventa  DECIMAL(10,2) NOT NULL,
      cantidad     INT NOT NULL
    ) ENGINE=Memory;

    TRUNCATE det_tmp;

    INSERT INTO det_tmp (producto_id, preciocompra, precioventa, cantidad)
    SELECT
      j.producto_id,
      j.preciocompra,
      j.precioventa,
      j.cantidad
    FROM JSON_TABLE(
           p_detallecompra, '$[*]'
           COLUMNS(
             producto_id  INT            PATH '$.producto_id',
             preciocompra DECIMAL(10,2)  PATH '$.preciocompra',
             precioventa  DECIMAL(10,2)  PATH '$.precioventa',
             cantidad     INT            PATH '$.cantidad'
           )
         ) AS j;

    
    SELECT COUNT(*) INTO v_rows FROM det_tmp;
    IF v_rows = 0 THEN
      SET resultado = 0;
      SET mensaje = 'El detalle está vacío';
      LEAVE proc;
    END IF;

    
    SELECT COUNT(*)
      INTO v_missing
    FROM (SELECT DISTINCT producto_id FROM det_tmp) x
    LEFT JOIN producto p ON p.id = x.producto_id
    WHERE p.id IS NULL;

    IF v_missing > 0 THEN
      SELECT x.producto_id
        INTO v_first_missing
      FROM (SELECT DISTINCT producto_id FROM det_tmp) x
      LEFT JOIN producto p ON p.id = x.producto_id
      WHERE p.id IS NULL
      LIMIT 1;

      SET resultado = 0;
      SET mensaje = CONCAT('Producto inexistente: ', v_first_missing);
      LEAVE proc;
    END IF;

    START TRANSACTION;

    
    INSERT INTO compra (fecharegistro, montototal, empleado_id, proveedor_id, tipodocumento, numerodocumento)
    SELECT
      NOW(),
      IFNULL(SUM(cantidad * preciocompra), 0),
      p_empleado_id,
      p_proveedor_id,
      p_tipodocumento,
      p_numerodocumento
    FROM det_tmp;

    SET v_compra_id = LAST_INSERT_ID();

    
    INSERT INTO detalle_compra (compra_id, producto_id, cantidad, montototal, preciocompra, precioventa, fecharegistro)
    SELECT
      v_compra_id,
      producto_id,
      cantidad,
      cantidad * preciocompra,
      preciocompra,
      precioventa,
      NOW()
    FROM det_tmp;

    
    UPDATE producto p
    JOIN (
      SELECT
        producto_id,
        SUM(cantidad)     AS qty,
        MAX(preciocompra) AS pc,
        MAX(precioventa)  AS pv
      FROM det_tmp
      GROUP BY producto_id
    ) dc ON dc.producto_id = p.id
    SET p.stock        = p.stock + dc.qty,
        p.preciocompra = dc.pc,
        p.precioventa  = dc.pv;

    COMMIT;

    SET resultado = 1;
    SET mensaje   = 'Compra registrada correctamente';

    
    DROP TEMPORARY TABLE IF EXISTS det_tmp;
  END proc;
END ;;
DELIMITER ;
/*!50003 SET sql_mode              = @saved_sql_mode */ ;
/*!50003 SET character_set_client  = @saved_cs_client */ ;
/*!50003 SET character_set_results = @saved_cs_results */ ;
/*!50003 SET collation_connection  = @saved_col_connection */ ;
/*!50003 DROP PROCEDURE IF EXISTS `SP_RegistrarProducto` */;
/*!50003 SET @saved_cs_client      = @@character_set_client */ ;
/*!50003 SET @saved_cs_results     = @@character_set_results */ ;
/*!50003 SET @saved_col_connection = @@collation_connection */ ;
/*!50003 SET character_set_client  = utf8mb4 */ ;
/*!50003 SET character_set_results = utf8mb4 */ ;
/*!50003 SET collation_connection  = utf8mb4_0900_ai_ci */ ;
/*!50003 SET @saved_sql_mode       = @@sql_mode */ ;
/*!50003 SET sql_mode              = 'ONLY_FULL_GROUP_BY,STRICT_TRANS_TABLES,NO_ZERO_IN_DATE,NO_ZERO_DATE,ERROR_FOR_DIVISION_BY_ZERO,NO_ENGINE_SUBSTITUTION' */ ;
DELIMITER ;;
CREATE DEFINER=`root`@`localhost` PROCEDURE `SP_RegistrarProducto`(
    IN p_nombre VARCHAR(60),
    IN p_stock INT,
    IN p_precioventa decimal(10, 2), -- Corregido float - decimal
    IN p_categoria_id INT,
    IN p_preciocompra decimal(10, 2), -- Corregido float - decimal
    IN p_descripcion VARCHAR(20),
    IN p_fecharegistro DATETIME,
    IN p_estado TINYINT,
    IN p_codigo VARCHAR(13),
    OUT mensaje VARCHAR(250),
    OUT resultado INT
)
BEGIN
    DECLARE existe_nombre INT DEFAULT 0;
    DECLARE existe_codigo INT DEFAULT 0;

    SET mensaje = '';
    SET resultado = 0; -- Inicializamos el resultado en 0 (Error)

    -- 1. Verificar si ya existe otro producto con el MISMO NOMBRE
    SELECT COUNT(1) INTO existe_nombre
    FROM producto 
    WHERE nombre = p_nombre;

    -- 2. Verificar si ya existe otro producto con el MISMO CÓDIGO
    --    PERO solo si el código NO es un código interno ('INT-%')
    IF p_codigo NOT LIKE 'INT-%' THEN
        SELECT COUNT(1) INTO existe_codigo
        FROM producto 
        WHERE codigo = p_codigo;
    END IF;

    -- 3. Insertar solo si NO hay conflictos
    IF existe_nombre = 0 AND existe_codigo = 0 THEN
        INSERT INTO producto(nombre, stock, precioventa, categoria_id, preciocompra, descripcion, estado, codigo)
        VALUES (p_nombre, p_stock, p_precioventa, p_categoria_id, p_preciocompra, p_descripcion, p_estado, p_codigo);
        
        SET resultado = LAST_INSERT_ID();
        SET mensaje = 'El producto se registró con éxito';
    ELSE
        -- Devolver el error específico
        IF existe_nombre > 0 THEN
            SET mensaje = 'Error: Ya existe un producto registrado con ese nombre.';
        ELSEIF existe_codigo > 0 THEN
            SET mensaje = 'Error: Ya existe un producto registrado con ese código de barra.';
        END IF;
    END IF;
END ;;
DELIMITER ;
/*!50003 SET sql_mode              = @saved_sql_mode */ ;
/*!50003 SET character_set_client  = @saved_cs_client */ ;
/*!50003 SET character_set_results = @saved_cs_results */ ;
/*!50003 SET collation_connection  = @saved_col_connection */ ;
/*!50003 DROP PROCEDURE IF EXISTS `SP_REGISTRARPROVEEDOR` */;
/*!50003 SET @saved_cs_client      = @@character_set_client */ ;
/*!50003 SET @saved_cs_results     = @@character_set_results */ ;
/*!50003 SET @saved_col_connection = @@collation_connection */ ;
/*!50003 SET character_set_client  = utf8mb4 */ ;
/*!50003 SET character_set_results = utf8mb4 */ ;
/*!50003 SET collation_connection  = utf8mb4_0900_ai_ci */ ;
/*!50003 SET @saved_sql_mode       = @@sql_mode */ ;
/*!50003 SET sql_mode              = 'ONLY_FULL_GROUP_BY,STRICT_TRANS_TABLES,NO_ZERO_IN_DATE,NO_ZERO_DATE,ERROR_FOR_DIVISION_BY_ZERO,NO_ENGINE_SUBSTITUTION' */ ;
DELIMITER ;;
CREATE DEFINER=`root`@`localhost` PROCEDURE `SP_REGISTRARPROVEEDOR`(
    IN p_nombre VARCHAR(80),
    IN p_cuit VARCHAR(30),
    IN p_razonsocial VARCHAR(80),
    IN p_telefono VARCHAR(20),
    IN p_direccion VARCHAR(100),
    IN p_estado TINYINT,
    IN p_email VARCHAR(80),
    OUT resultado INT,
    OUT mensaje VARCHAR(250)
)
BEGIN
    SET resultado = 0;
    SET mensaje = '';

    IF NOT EXISTS (SELECT 1 FROM proveedor WHERE cuit = p_cuit) THEN
        INSERT INTO proveedor(nombre, cuit, razonsocial , telefono, direccion, estado, fecharegistro, email)
        VALUES (p_nombre, p_cuit, p_razonsocial, p_telefono, p_direccion, p_estado, NOW(), p_email);

        SET resultado = LAST_INSERT_ID();
        SET mensaje = 'El proveedor fue registrado con éxito';
    ELSE
        SET mensaje = 'Error: el CUIT ya existe';
    END IF;
END ;;
DELIMITER ;
/*!50003 SET sql_mode              = @saved_sql_mode */ ;
/*!50003 SET character_set_client  = @saved_cs_client */ ;
/*!50003 SET character_set_results = @saved_cs_results */ ;
/*!50003 SET collation_connection  = @saved_col_connection */ ;
/*!50003 DROP PROCEDURE IF EXISTS `SP_REGISTRARUSUARIO` */;
/*!50003 SET @saved_cs_client      = @@character_set_client */ ;
/*!50003 SET @saved_cs_results     = @@character_set_results */ ;
/*!50003 SET @saved_col_connection = @@collation_connection */ ;
/*!50003 SET character_set_client  = utf8mb4 */ ;
/*!50003 SET character_set_results = utf8mb4 */ ;
/*!50003 SET collation_connection  = utf8mb4_0900_ai_ci */ ;
/*!50003 SET @saved_sql_mode       = @@sql_mode */ ;
/*!50003 SET sql_mode              = 'ONLY_FULL_GROUP_BY,STRICT_TRANS_TABLES,NO_ZERO_IN_DATE,NO_ZERO_DATE,ERROR_FOR_DIVISION_BY_ZERO,NO_ENGINE_SUBSTITUTION' */ ;
DELIMITER ;;
CREATE DEFINER=`root`@`localhost` PROCEDURE `SP_REGISTRARUSUARIO`(
    IN p_documento VARCHAR(50),
    IN p_nombre VARCHAR(80),
    IN p_apellido VARCHAR(60),
    IN p_telefono VARCHAR(20),
    IN p_rol_id INT,
    IN p_usuario_cuenta VARCHAR(30),
    IN p_contrasenia VARCHAR(80),
    IN p_email VARCHAR(50),
    IN p_estado TINYINT,
    
    -- ⬇️ NUEVOS PARÁMETROS AGREGADOS ⬇️
    IN p_escliente TINYINT,
    IN p_esproveedor TINYINT,
    
    OUT idusuarioresultado INT,
    OUT mensaje VARCHAR(250)
)
BEGIN
    
    SET idusuarioresultado = 0;
    SET mensaje = '';

    IF NOT EXISTS (SELECT 1 FROM usuario WHERE dni = p_documento) THEN
        INSERT INTO usuario (
            dni, 
            nombre, 
            apellido, 
            email, 
            usuario_cuenta, 
            contrasenia, 
            rol_id, 
            telefono, 
            estado, 
            escliente,           -- Nueva columna
            esproveedor          -- Nueva columna
        )
        VALUES (
            p_documento, 
            p_nombre, 
            p_apellido, 
            p_email, 
            p_usuario_cuenta, 
            p_contrasenia, 
            p_rol_id, 
            p_telefono, 
            p_estado,
            p_escliente,         -- Nuevo valor
            p_esproveedor        -- Nuevo valor
        );

        SET idusuarioresultado = LAST_INSERT_ID();
        SET mensaje = 'Usuario registrado correctamente';
    ELSE
        SET mensaje = 'Error: Ya existe un usuario con ese documento';
    END IF;
END ;;
DELIMITER ;
/*!50003 SET sql_mode              = @saved_sql_mode */ ;
/*!50003 SET character_set_client  = @saved_cs_client */ ;
/*!50003 SET character_set_results = @saved_cs_results */ ;
/*!50003 SET collation_connection  = @saved_col_connection */ ;
/*!50003 DROP PROCEDURE IF EXISTS `SP_RegistrarVenta` */;
/*!50003 SET @saved_cs_client      = @@character_set_client */ ;
/*!50003 SET @saved_cs_results     = @@character_set_results */ ;
/*!50003 SET @saved_col_connection = @@collation_connection */ ;
/*!50003 SET character_set_client  = utf8mb4 */ ;
/*!50003 SET character_set_results = utf8mb4 */ ;
/*!50003 SET collation_connection  = utf8mb4_0900_ai_ci */ ;
/*!50003 SET @saved_sql_mode       = @@sql_mode */ ;
/*!50003 SET sql_mode              = 'ONLY_FULL_GROUP_BY,STRICT_TRANS_TABLES,NO_ZERO_IN_DATE,NO_ZERO_DATE,ERROR_FOR_DIVISION_BY_ZERO,NO_ENGINE_SUBSTITUTION' */ ;
DELIMITER ;;
CREATE DEFINER=`root`@`localhost` PROCEDURE `SP_RegistrarVenta`(
  IN  p_IdUsuario       INT,
  IN  p_TipoDocumento   VARCHAR(45),
  IN  p_NumeroDocumento VARCHAR(45),
  IN  p_NombreCliente   VARCHAR(150),
  IN  p_MontoPago       DECIMAL(10,2),
  IN  p_DetalleVenta    JSON,   
  OUT resultado         TINYINT,
  OUT mensaje           VARCHAR(250)
)
BEGIN
  DECLARE v_VentaId     BIGINT;
  DECLARE v_MontoTotal  DECIMAL(10,2);
  DECLARE v_Insuf       INT DEFAULT 0;

  DECLARE EXIT HANDLER FOR SQLEXCEPTION
  BEGIN
    ROLLBACK;
    SET resultado = 0;
    SET mensaje  = 'Error al registrar la venta';
  END;

  proc: BEGIN
    IF JSON_TYPE(p_DetalleVenta) <> 'ARRAY' THEN
      SET resultado = 0;
      SET mensaje   = 'p_DetalleVenta debe ser un arreglo JSON';
      LEAVE proc;
    END IF;

    SELECT IFNULL(SUM(j.cantidad * j.precio_unitario), 0)
      INTO v_MontoTotal
    FROM JSON_TABLE(
           p_DetalleVenta, '$[*]'
           COLUMNS(
             producto_id     INT            PATH '$.producto_id',
             cantidad        INT            PATH '$.cantidad',
             precio_unitario DECIMAL(10,2)  PATH '$.precio_unitario'
           )
         ) AS j;

    IF p_MontoPago < v_MontoTotal THEN
      SET resultado = 0;
      SET mensaje   = 'El monto de pago es insuficiente';
      LEAVE proc;
    END IF;

    START TRANSACTION;

    
    SELECT COUNT(*)
      INTO v_Insuf
    FROM producto p
    JOIN (
      SELECT producto_id, SUM(cantidad) qty
      FROM JSON_TABLE(
             p_DetalleVenta, '$[*]'
             COLUMNS(
               producto_id INT PATH '$.producto_id',
               cantidad    INT PATH '$.cantidad'
             )
           ) jt
      GROUP BY producto_id
    ) dv ON dv.producto_id = p.id
    WHERE p.stock < dv.qty
    FOR UPDATE;

    IF v_Insuf > 0 THEN
      ROLLBACK;
      SET resultado = 0;
      SET mensaje   = 'Stock insuficiente';
      LEAVE proc;
    END IF;

    INSERT INTO venta(
      fecharegistro, empleado_id, cliente_id,          
      montototal, montopago, montocambio,
      tipodocumento, numerodocumento
    )
    VALUES (NOW(), p_IdUsuario, NULL,
            v_MontoTotal, p_MontoPago, p_MontoPago - v_MontoTotal,
            p_TipoDocumento, p_NumeroDocumento);

    SET v_VentaId = LAST_INSERT_ID();

    INSERT INTO detalle_venta(venta_id, producto_id, cantidad, precio_unitario)
    SELECT v_VentaId, j.producto_id, j.cantidad, j.precio_unitario
    FROM JSON_TABLE(
           p_DetalleVenta, '$[*]'
           COLUMNS(
             producto_id     INT            PATH '$.producto_id',
             cantidad        INT            PATH '$.cantidad',
             precio_unitario DECIMAL(10,2)  PATH '$.precio_unitario'
           )
         ) AS j;

    UPDATE producto p
    JOIN (
      SELECT producto_id, SUM(cantidad) qty
      FROM JSON_TABLE(
             p_DetalleVenta, '$[*]'
             COLUMNS(
               producto_id INT PATH '$.producto_id',
               cantidad    INT PATH '$.cantidad'
             )
           ) jt
      GROUP BY producto_id
    ) dv ON dv.producto_id = p.id
    SET p.stock = p.stock - dv.qty;

    COMMIT;

    SET resultado = 1;
    SET mensaje  = 'Venta registrada correctamente';
  END proc;
END ;;
DELIMITER ;
/*!50003 SET sql_mode              = @saved_sql_mode */ ;
/*!50003 SET character_set_client  = @saved_cs_client */ ;
/*!50003 SET character_set_results = @saved_cs_results */ ;
/*!50003 SET collation_connection  = @saved_col_connection */ ;
/*!40103 SET TIME_ZONE=@OLD_TIME_ZONE */;

/*!40101 SET SQL_MODE=@OLD_SQL_MODE */;
/*!40014 SET FOREIGN_KEY_CHECKS=@OLD_FOREIGN_KEY_CHECKS */;
/*!40014 SET UNIQUE_CHECKS=@OLD_UNIQUE_CHECKS */;
/*!40101 SET CHARACTER_SET_CLIENT=@OLD_CHARACTER_SET_CLIENT */;
/*!40101 SET CHARACTER_SET_RESULTS=@OLD_CHARACTER_SET_RESULTS */;
/*!40101 SET COLLATION_CONNECTION=@OLD_COLLATION_CONNECTION */;
/*!40111 SET SQL_NOTES=@OLD_SQL_NOTES */;

-- Dump completed on 2025-10-11 12:50:18
